Locale	Level	Status	Path
ar	15	ABSENT	//ldml/units/unitLength[@type="short"]/unit[@type="speed-light-speed"]/displayName
ar	15	ABSENT	//ldml/units/unitLength[@type="short"]/unit[@type="speed-light-speed"]/unitPattern[@count="other"]
ar	15	ABSENT	//ldml/units/unitLength[@type="long"]/unit[@type="speed-light-speed"]/displayName
ar	15	ABSENT	//ldml/units/unitLength[@type="long"]/unit[@type="speed-light-speed"]/unitPattern[@count="other"]
ar	15	ABSENT	//ldml/units/unitLength[@type="short"]/unit[@type="speed-light-speed"]/unitPattern[@count="few"]
ar	15	ABSENT	//ldml/units/unitLength[@type="short"]/unit[@type="speed-light-speed"]/unitPattern[@count="zero"]
ar	15	ABSENT	//ldml/units/unitLength[@type="long"]/unit[@type="speed-light-speed"]/unitPattern[@count="few"]
ar	15	ABSENT	//ldml/units/unitLength[@type="long"]/unit[@type="speed-light-speed"]/unitPattern[@count="zero"]
ar	15	ABSENT	//ldml/units/unitLength[@type="short"]/unit[@type="speed-light-speed"]/unitPattern[@count="many"]
ar	15	ABSENT	//ldml/units/unitLength[@type="long"]/unit[@type="speed-light-speed"]/unitPattern[@count="one"]
ar	15	ABSENT	//ldml/units/unitLength[@type="long"]/unit[@type="speed-light-speed"]/unitPattern[@count="many"]
ar	15	ABSENT	//ldml/units/unitLength[@type="long"]/unit[@type="speed-light-speed"]/gender
ar	15	ABSENT	//ldml/units/unitLength[@type="short"]/unit[@type="speed-light-speed"]/unitPattern[@count="two"]
ar	15	ABSENT	//ldml/units/unitLength[@type="short"]/unit[@type="speed-light-speed"]/unitPattern[@count="one"]
ar	15	ABSENT	//ldml/units/unitLength[@type="long"]/unit[@type="speed-light-speed"]/unitPattern[@count="two"]
be	10	ABSENT	//ldml/units/unitLength[@type="short"]/unit[@type="speed-light-speed"]/displayName
be	10	ABSENT	//ldml/units/unitLength[@type="short"]/unit[@type="speed-light-speed"]/unitPattern[@count="other"]
be	10	ABSENT	//ldml/units/unitLength[@type="long"]/unit[@type="speed-light-speed"]/displayName
be	10	ABSENT	//ldml/units/unitLength[@type="long"]/unit[@type="speed-light-speed"]/unitPattern[@count="other"]
be	10	ABSENT	//ldml/units/unitLength[@type="short"]/unit[@type="speed-light-speed"]/unitPattern[@count="few"]
be	10	ABSENT	//ldml/units/unitLength[@type="long"]/unit[@type="speed-light-speed"]/unitPattern[@count="few"]
be	10	ABSENT	//ldml/units/unitLength[@type="short"]/unit[@type="speed-light-speed"]/unitPattern[@count="many"]
be	10	ABSENT	//ldml/units/unitLength[@type="long"]/unit[@type="speed-light-speed"]/unitPattern[@count="one"]
be	10	ABSENT	//ldml/units/unitLength[@type="long"]/unit[@type="speed-light-speed"]/unitPattern[@count="many"]
be	10	ABSENT	//ldml/units/unitLength[@type="short"]/unit[@type="speed-light-speed"]/unitPattern[@count="one"]
bn	6	ABSENT	//ldml/units/unitLength[@type="short"]/unit[@type="speed-light-speed"]/displayName
bn	6	ABSENT	//ldml/units/unitLength[@type="short"]/unit[@type="speed-light-speed"]/unitPattern[@count="other"]
bn	6	ABSENT	//ldml/units/unitLength[@type="long"]/unit[@type="speed-light-speed"]/displayName
bn	6	ABSENT	//ldml/units/unitLength[@type="long"]/unit[@type="speed-light-speed"]/unitPattern[@count="other"]
bn	6	ABSENT	//ldml/units/unitLength[@type="short"]/unit[@type="speed-light-speed"]/unitPattern[@count="one"]
bn	6	ABSENT	//ldml/units/unitLength[@type="long"]/unit[@type="speed-light-speed"]/unitPattern[@count="one"]
bs	8	ABSENT	//ldml/units/unitLength[@type="short"]/unit[@type="speed-light-speed"]/displayName
bs	8	ABSENT	//ldml/units/unitLength[@type="short"]/unit[@type="speed-light-speed"]/unitPattern[@count="other"]
bs	8	ABSENT	//ldml/units/unitLength[@type="long"]/unit[@type="speed-light-speed"]/displayName
bs	8	ABSENT	//ldml/units/unitLength[@type="long"]/unit[@type="speed-light-speed"]/unitPattern[@count="other"]
bs	8	ABSENT	//ldml/units/unitLength[@type="short"]/unit[@type="speed-light-speed"]/unitPattern[@count="few"]
bs	8	ABSENT	//ldml/units/unitLength[@type="long"]/unit[@type="speed-light-speed"]/unitPattern[@count="few"]
bs	8	ABSENT	//ldml/units/unitLength[@type="short"]/unit[@type="speed-light-speed"]/unitPattern[@count="one"]
bs	8	ABSENT	//ldml/units/unitLength[@type="long"]/unit[@type="speed-light-speed"]/unitPattern[@count="one"]
da	9	ABSENT	//ldml/units/unitLength[@type="short"]/unit[@type="speed-light-speed"]/displayName
da	9	ABSENT	//ldml/units/unitLength[@type="short"]/unit[@type="speed-light-speed"]/unitPattern[@count="other"]
da	9	ABSENT	//ldml/units/unitLength[@type="long"]/unit[@type="speed-light-speed"]/displayName
da	9	ABSENT	//ldml/units/unitLength[@type="long"]/unit[@type="speed-light-speed"]/unitPattern[@count="other"]
da	9	ABSENT	//ldml/units/unitLength[@type="long"]/unit[@type="speed-light-speed"]/unitPattern[@count="other"][@case="genitive"]
da	9	ABSENT	//ldml/units/unitLength[@type="short"]/unit[@type="speed-light-speed"]/unitPattern[@count="one"]
da	9	ABSENT	//ldml/units/unitLength[@type="long"]/unit[@type="speed-light-speed"]/gender
da	9	ABSENT	//ldml/units/unitLength[@type="long"]/unit[@type="speed-light-speed"]/unitPattern[@count="one"]
da	9	ABSENT	//ldml/units/unitLength[@type="long"]/unit[@type="speed-light-speed"]/unitPattern[@count="one"][@case="genitive"]
de	13	ABSENT	//ldml/units/unitLength[@type="short"]/unit[@type="speed-light-speed"]/displayName
de	13	ABSENT	//ldml/units/unitLength[@type="short"]/unit[@type="speed-light-speed"]/unitPattern[@count="other"]
de	13	ABSENT	//ldml/units/unitLength[@type="long"]/unit[@type="speed-light-speed"]/displayName
de	13	ABSENT	//ldml/units/unitLength[@type="long"]/unit[@type="speed-light-speed"]/unitPattern[@count="other"]
de	13	ABSENT	//ldml/units/unitLength[@type="long"]/unit[@type="speed-light-speed"]/unitPattern[@count="other"][@case="genitive"]
de	13	ABSENT	//ldml/units/unitLength[@type="long"]/unit[@type="speed-light-speed"]/gender
de	13	ABSENT	//ldml/units/unitLength[@type="long"]/unit[@type="speed-light-speed"]/unitPattern[@count="other"][@case="dative"]
de	13	ABSENT	//ldml/units/unitLength[@type="long"]/unit[@type="speed-light-speed"]/unitPattern[@count="one"][@case="genitive"]
de	13	ABSENT	//ldml/units/unitLength[@type="short"]/unit[@type="speed-light-speed"]/unitPattern[@count="one"]
de	13	ABSENT	//ldml/units/unitLength[@type="long"]/unit[@type="speed-light-speed"]/unitPattern[@count="one"][@case="dative"]
de	13	ABSENT	//ldml/units/unitLength[@type="long"]/unit[@type="speed-light-speed"]/unitPattern[@count="one"]
de	13	ABSENT	//ldml/units/unitLength[@type="long"]/unit[@type="speed-light-speed"]/unitPattern[@count="one"][@case="accusative"]
de	13	ABSENT	//ldml/units/unitLength[@type="long"]/unit[@type="speed-light-speed"]/unitPattern[@count="other"][@case="accusative"]
et	6	ABSENT	//ldml/units/unitLength[@type="short"]/unit[@type="speed-light-speed"]/displayName
et	6	ABSENT	//ldml/units/unitLength[@type="short"]/unit[@type="speed-light-speed"]/unitPattern[@count="other"]
et	6	ABSENT	//ldml/units/unitLength[@type="long"]/unit[@type="speed-light-speed"]/displayName
et	6	ABSENT	//ldml/units/unitLength[@type="long"]/unit[@type="speed-light-speed"]/unitPattern[@count="other"]
et	6	ABSENT	//ldml/units/unitLength[@type="short"]/unit[@type="speed-light-speed"]/unitPattern[@count="one"]
et	6	ABSENT	//ldml/units/unitLength[@type="long"]/unit[@type="speed-light-speed"]/unitPattern[@count="one"]
fa	6	ABSENT	//ldml/units/unitLength[@type="short"]/unit[@type="speed-light-speed"]/displayName
fa	6	ABSENT	//ldml/units/unitLength[@type="short"]/unit[@type="speed-light-speed"]/unitPattern[@count="other"]
fa	6	ABSENT	//ldml/units/unitLength[@type="long"]/unit[@type="speed-light-speed"]/displayName
fa	6	ABSENT	//ldml/units/unitLength[@type="long"]/unit[@type="speed-light-speed"]/unitPattern[@count="other"]
fa	6	ABSENT	//ldml/units/unitLength[@type="short"]/unit[@type="speed-light-speed"]/unitPattern[@count="one"]
fa	6	ABSENT	//ldml/units/unitLength[@type="long"]/unit[@type="speed-light-speed"]/unitPattern[@count="one"]
fi	14	ABSENT	//ldml/units/unitLength[@type="short"]/unit[@type="speed-light-speed"]/displayName
fi	14	ABSENT	//ldml/units/unitLength[@type="short"]/unit[@type="speed-light-speed"]/unitPattern[@count="other"]
fi	14	ABSENT	//ldml/units/unitLength[@type="long"]/unit[@type="speed-light-speed"]/displayName
fi	14	ABSENT	//ldml/units/unitLength[@type="long"]/unit[@type="speed-light-speed"]/unitPattern[@count="other"]
fi	14	ABSENT	//ldml/units/unitLength[@type="long"]/unit[@type="speed-light-speed"]/unitPattern[@count="other"][@case="genitive"]
fi	14	ABSENT	//ldml/units/unitLength[@type="long"]/unit[@type="speed-light-speed"]/unitPattern[@count="one"][@case="illative"]
fi	14	ABSENT	//ldml/units/unitLength[@type="long"]/unit[@type="speed-light-speed"]/unitPattern[@count="other"][@case="illative"]
fi	14	ABSENT	//ldml/units/unitLength[@type="long"]/unit[@type="speed-light-speed"]/unitPattern[@count="one"][@case="partitive"]
fi	14	ABSENT	//ldml/units/unitLength[@type="long"]/unit[@type="speed-light-speed"]/unitPattern[@count="one"][@case="genitive"]
fi	14	ABSENT	//ldml/units/unitLength[@type="short"]/unit[@type="speed-light-speed"]/unitPattern[@count="one"]
fi	14	ABSENT	//ldml/units/unitLength[@type="long"]/unit[@type="speed-light-speed"]/unitPattern[@count="other"][@case="partitive"]
fi	14	ABSENT	//ldml/units/unitLength[@type="long"]/unit[@type="speed-light-speed"]/unitPattern[@count="other"][@case="elative"]
fi	14	ABSENT	//ldml/units/unitLength[@type="long"]/unit[@type="speed-light-speed"]/unitPattern[@count="one"]
fi	14	ABSENT	//ldml/units/unitLength[@type="long"]/unit[@type="speed-light-speed"]/unitPattern[@count="one"][@case="elative"]
fil	6	ABSENT	//ldml/units/unitLength[@type="short"]/unit[@type="speed-light-speed"]/displayName
fil	6	ABSENT	//ldml/units/unitLength[@type="short"]/unit[@type="speed-light-speed"]/unitPattern[@count="other"]
fil	6	ABSENT	//ldml/units/unitLength[@type="long"]/unit[@type="speed-light-speed"]/displayName
fil	6	ABSENT	//ldml/units/unitLength[@type="long"]/unit[@type="speed-light-speed"]/unitPattern[@count="other"]
fil	6	ABSENT	//ldml/units/unitLength[@type="short"]/unit[@type="speed-light-speed"]/unitPattern[@count="one"]
fil	6	ABSENT	//ldml/units/unitLength[@type="long"]/unit[@type="speed-light-speed"]/unitPattern[@count="one"]
ga	12	ABSENT	//ldml/units/unitLength[@type="short"]/unit[@type="speed-light-speed"]/displayName
ga	12	ABSENT	//ldml/units/unitLength[@type="short"]/unit[@type="speed-light-speed"]/unitPattern[@count="other"]
ga	12	ABSENT	//ldml/units/unitLength[@type="long"]/unit[@type="speed-light-speed"]/displayName
ga	12	ABSENT	//ldml/units/unitLength[@type="long"]/unit[@type="speed-light-speed"]/unitPattern[@count="other"]
ga	12	ABSENT	//ldml/units/unitLength[@type="short"]/unit[@type="speed-light-speed"]/unitPattern[@count="few"]
ga	12	ABSENT	//ldml/units/unitLength[@type="long"]/unit[@type="speed-light-speed"]/unitPattern[@count="few"]
ga	12	ABSENT	//ldml/units/unitLength[@type="short"]/unit[@type="speed-light-speed"]/unitPattern[@count="many"]
ga	12	ABSENT	//ldml/units/unitLength[@type="long"]/unit[@type="speed-light-speed"]/unitPattern[@count="one"]
ga	12	ABSENT	//ldml/units/unitLength[@type="long"]/unit[@type="speed-light-speed"]/unitPattern[@count="many"]
ga	12	ABSENT	//ldml/units/unitLength[@type="short"]/unit[@type="speed-light-speed"]/unitPattern[@count="two"]
ga	12	ABSENT	//ldml/units/unitLength[@type="short"]/unit[@type="speed-light-speed"]/unitPattern[@count="one"]
ga	12	ABSENT	//ldml/units/unitLength[@type="long"]/unit[@type="speed-light-speed"]/unitPattern[@count="two"]
hy	14	ABSENT	//ldml/units/unitLength[@type="short"]/unit[@type="speed-light-speed"]/displayName
hy	14	ABSENT	//ldml/units/unitLength[@type="short"]/unit[@type="speed-light-speed"]/unitPattern[@count="other"]
hy	14	ABSENT	//ldml/units/unitLength[@type="long"]/unit[@type="speed-light-speed"]/displayName
hy	14	ABSENT	//ldml/units/unitLength[@type="long"]/unit[@type="speed-light-speed"]/unitPattern[@count="other"]
hy	14	ABSENT	//ldml/units/unitLength[@type="long"]/unit[@type="speed-light-speed"]/unitPattern[@count="one"][@case="instrumental"]
hy	14	ABSENT	//ldml/units/unitLength[@type="long"]/unit[@type="speed-light-speed"]/unitPattern[@count="other"][@case="locative"]
hy	14	ABSENT	//ldml/units/unitLength[@type="long"]/unit[@type="speed-light-speed"]/unitPattern[@count="other"][@case="dative"]
hy	14	ABSENT	//ldml/units/unitLength[@type="long"]/unit[@type="speed-light-speed"]/unitPattern[@count="other"][@case="ablative"]
hy	14	ABSENT	//ldml/units/unitLength[@type="short"]/unit[@type="speed-light-speed"]/unitPattern[@count="one"]
hy	14	ABSENT	//ldml/units/unitLength[@type="long"]/unit[@type="speed-light-speed"]/unitPattern[@count="one"][@case="ablative"]
hy	14	ABSENT	//ldml/units/unitLength[@type="long"]/unit[@type="speed-light-speed"]/unitPattern[@count="one"][@case="dative"]
hy	14	ABSENT	//ldml/units/unitLength[@type="long"]/unit[@type="speed-light-speed"]/unitPattern[@count="one"][@case="locative"]
hy	14	ABSENT	//ldml/units/unitLength[@type="long"]/unit[@type="speed-light-speed"]/unitPattern[@count="one"]
hy	14	ABSENT	//ldml/units/unitLength[@type="long"]/unit[@type="speed-light-speed"]/unitPattern[@count="other"][@case="instrumental"]
ig	4	ABSENT	//ldml/units/unitLength[@type="short"]/unit[@type="duration-year"]/displayName
ig	4	ABSENT	//ldml/units/unitLength[@type="short"]/unit[@type="duration-year"]/unitPattern[@count="other"]
ig	4	ABSENT	//ldml/units/unitLength[@type="short"]/unit[@type="duration-year"]/perUnitPattern
ig	4	ABSENT	//ldml/units/unitLength[@type="long"]/unit[@type="duration-year"]/perUnitPattern
is	13	ABSENT	//ldml/units/unitLength[@type="short"]/unit[@type="speed-light-speed"]/displayName
is	13	ABSENT	//ldml/units/unitLength[@type="short"]/unit[@type="speed-light-speed"]/unitPattern[@count="other"]
is	13	ABSENT	//ldml/units/unitLength[@type="long"]/unit[@type="speed-light-speed"]/displayName
is	13	ABSENT	//ldml/units/unitLength[@type="long"]/unit[@type="speed-light-speed"]/unitPattern[@count="other"]
is	13	ABSENT	//ldml/units/unitLength[@type="long"]/unit[@type="speed-light-speed"]/unitPattern[@count="other"][@case="genitive"]
is	13	ABSENT	//ldml/units/unitLength[@type="long"]/unit[@type="speed-light-speed"]/gender
is	13	ABSENT	//ldml/units/unitLength[@type="long"]/unit[@type="speed-light-speed"]/unitPattern[@count="other"][@case="dative"]
is	13	ABSENT	//ldml/units/unitLength[@type="long"]/unit[@type="speed-light-speed"]/unitPattern[@count="one"][@case="genitive"]
is	13	ABSENT	//ldml/units/unitLength[@type="short"]/unit[@type="speed-light-speed"]/unitPattern[@count="one"]
is	13	ABSENT	//ldml/units/unitLength[@type="long"]/unit[@type="speed-light-speed"]/unitPattern[@count="one"][@case="dative"]
is	13	ABSENT	//ldml/units/unitLength[@type="long"]/unit[@type="speed-light-speed"]/unitPattern[@count="one"]
is	13	ABSENT	//ldml/units/unitLength[@type="long"]/unit[@type="speed-light-speed"]/unitPattern[@count="one"][@case="accusative"]
is	13	ABSENT	//ldml/units/unitLength[@type="long"]/unit[@type="speed-light-speed"]/unitPattern[@count="other"][@case="accusative"]
it	2	ABSENT	//ldml/units/unitLength[@type="short"]/unit[@type="speed-light-speed"]/displayName
it	2	ABSENT	//ldml/units/unitLength[@type="long"]/unit[@type="speed-light-speed"]/displayName
ka	6	ABSENT	//ldml/units/unitLength[@type="short"]/unit[@type="speed-light-speed"]/displayName
ka	6	ABSENT	//ldml/units/unitLength[@type="short"]/unit[@type="speed-light-speed"]/unitPattern[@count="other"]
ka	6	ABSENT	//ldml/units/unitLength[@type="long"]/unit[@type="speed-light-speed"]/displayName
ka	6	ABSENT	//ldml/units/unitLength[@type="long"]/unit[@type="speed-light-speed"]/unitPattern[@count="other"]
ka	6	ABSENT	//ldml/units/unitLength[@type="short"]/unit[@type="speed-light-speed"]/unitPattern[@count="one"]
ka	6	ABSENT	//ldml/units/unitLength[@type="long"]/unit[@type="speed-light-speed"]/unitPattern[@count="one"]
ko	4	ABSENT	//ldml/units/unitLength[@type="short"]/unit[@type="speed-light-speed"]/displayName
ko	4	ABSENT	//ldml/units/unitLength[@type="short"]/unit[@type="speed-light-speed"]/unitPattern[@count="other"]
ko	4	ABSENT	//ldml/units/unitLength[@type="long"]/unit[@type="speed-light-speed"]/displayName
ko	4	ABSENT	//ldml/units/unitLength[@type="long"]/unit[@type="speed-light-speed"]/unitPattern[@count="other"]
lt	31	ABSENT	//ldml/units/unitLength[@type="short"]/unit[@type="speed-light-speed"]/displayName
lt	31	ABSENT	//ldml/units/unitLength[@type="short"]/unit[@type="speed-light-speed"]/unitPattern[@count="other"]
lt	31	ABSENT	//ldml/units/unitLength[@type="long"]/unit[@type="speed-light-speed"]/displayName
lt	31	ABSENT	//ldml/units/unitLength[@type="long"]/unit[@type="speed-light-speed"]/unitPattern[@count="other"]
lt	31	ABSENT	//ldml/units/unitLength[@type="long"]/unit[@type="speed-light-speed"]/unitPattern[@count="few"][@case="accusative"]
lt	31	ABSENT	//ldml/units/unitLength[@type="short"]/unit[@type="speed-light-speed"]/unitPattern[@count="few"]
lt	31	ABSENT	//ldml/units/unitLength[@type="long"]/unit[@type="speed-light-speed"]/unitPattern[@count="one"][@case="instrumental"]
lt	31	ABSENT	//ldml/units/unitLength[@type="long"]/unit[@type="speed-light-speed"]/unitPattern[@count="other"][@case="locative"]
lt	31	ABSENT	//ldml/units/unitLength[@type="long"]/unit[@type="speed-light-speed"]/unitPattern[@count="few"]
lt	31	ABSENT	//ldml/units/unitLength[@type="long"]/unit[@type="speed-light-speed"]/unitPattern[@count="few"][@case="dative"]
lt	31	ABSENT	//ldml/units/unitLength[@type="long"]/unit[@type="speed-light-speed"]/unitPattern[@count="many"][@case="instrumental"]
lt	31	ABSENT	//ldml/units/unitLength[@type="long"]/unit[@type="speed-light-speed"]/unitPattern[@count="one"][@case="genitive"]
lt	31	ABSENT	//ldml/units/unitLength[@type="long"]/unit[@type="speed-light-speed"]/unitPattern[@count="many"][@case="genitive"]
lt	31	ABSENT	//ldml/units/unitLength[@type="long"]/unit[@type="speed-light-speed"]/unitPattern[@count="few"][@case="instrumental"]
lt	31	ABSENT	//ldml/units/unitLength[@type="long"]/unit[@type="speed-light-speed"]/unitPattern[@count="one"][@case="locative"]
lt	31	ABSENT	//ldml/units/unitLength[@type="long"]/unit[@type="speed-light-speed"]/unitPattern[@count="few"][@case="locative"]
lt	31	ABSENT	//ldml/units/unitLength[@type="short"]/unit[@type="speed-light-speed"]/unitPattern[@count="many"]
lt	31	ABSENT	//ldml/units/unitLength[@type="long"]/unit[@type="speed-light-speed"]/unitPattern[@count="one"]
lt	31	ABSENT	//ldml/units/unitLength[@type="long"]/unit[@type="speed-light-speed"]/unitPattern[@count="other"][@case="instrumental"]
lt	31	ABSENT	//ldml/units/unitLength[@type="long"]/unit[@type="speed-light-speed"]/unitPattern[@count="one"][@case="accusative"]
lt	31	ABSENT	//ldml/units/unitLength[@type="long"]/unit[@type="speed-light-speed"]/unitPattern[@count="many"]
lt	31	ABSENT	//ldml/units/unitLength[@type="long"]/unit[@type="speed-light-speed"]/unitPattern[@count="other"][@case="genitive"]
lt	31	ABSENT	//ldml/units/unitLength[@type="long"]/unit[@type="speed-light-speed"]/unitPattern[@count="many"][@case="accusative"]
lt	31	ABSENT	//ldml/units/unitLength[@type="long"]/unit[@type="speed-light-speed"]/gender
lt	31	ABSENT	//ldml/units/unitLength[@type="long"]/unit[@type="speed-light-speed"]/unitPattern[@count="other"][@case="dative"]
lt	31	ABSENT	//ldml/units/unitLength[@type="short"]/unit[@type="speed-light-speed"]/unitPattern[@count="one"]
lt	31	ABSENT	//ldml/units/unitLength[@type="long"]/unit[@type="speed-light-speed"]/unitPattern[@count="one"][@case="dative"]
lt	31	ABSENT	//ldml/units/unitLength[@type="long"]/unit[@type="speed-light-speed"]/unitPattern[@count="many"][@case="locative"]
lt	31	ABSENT	//ldml/units/unitLength[@type="long"]/unit[@type="speed-light-speed"]/unitPattern[@count="many"][@case="dative"]
lt	31	ABSENT	//ldml/units/unitLength[@type="long"]/unit[@type="speed-light-speed"]/unitPattern[@count="few"][@case="genitive"]
lt	31	ABSENT	//ldml/units/unitLength[@type="long"]/unit[@type="speed-light-speed"]/unitPattern[@count="other"][@case="accusative"]
ml	6	ABSENT	//ldml/units/unitLength[@type="short"]/unit[@type="speed-light-speed"]/displayName
ml	6	ABSENT	//ldml/units/unitLength[@type="short"]/unit[@type="speed-light-speed"]/unitPattern[@count="other"]
ml	6	ABSENT	//ldml/units/unitLength[@type="long"]/unit[@type="speed-light-speed"]/displayName
ml	6	ABSENT	//ldml/units/unitLength[@type="long"]/unit[@type="speed-light-speed"]/unitPattern[@count="other"]
ml	6	ABSENT	//ldml/units/unitLength[@type="short"]/unit[@type="speed-light-speed"]/unitPattern[@count="one"]
ml	6	ABSENT	//ldml/units/unitLength[@type="long"]/unit[@type="speed-light-speed"]/unitPattern[@count="one"]
mn	6	ABSENT	//ldml/units/unitLength[@type="short"]/unit[@type="speed-light-speed"]/displayName
mn	6	ABSENT	//ldml/units/unitLength[@type="short"]/unit[@type="speed-light-speed"]/unitPattern[@count="other"]
mn	6	ABSENT	//ldml/units/unitLength[@type="long"]/unit[@type="speed-light-speed"]/displayName
mn	6	ABSENT	//ldml/units/unitLength[@type="long"]/unit[@type="speed-light-speed"]/unitPattern[@count="other"]
mn	6	ABSENT	//ldml/units/unitLength[@type="short"]/unit[@type="speed-light-speed"]/unitPattern[@count="one"]
mn	6	ABSENT	//ldml/units/unitLength[@type="long"]/unit[@type="speed-light-speed"]/unitPattern[@count="one"]
nn	7	unconfirmed	//ldml/units/unitLength[@type="long"]/unit[@type="concentr-milligram-ofglucose-per-deciliter"]/gender
nn	7	unconfirmed	//ldml/units/unitLength[@type="long"]/unit[@type="pressure-millimeter-ofhg"]/gender
nn	7	unconfirmed	//ldml/units/unitLength[@type="long"]/unit[@type="speed-light-speed"]/gender
nn	7	unconfirmed	//ldml/localeDisplayNames/languages/language[@type="xnr"]
nn	7	unconfirmed	//ldml/units/unitLength[@type="long"]/unit[@type="duration-night"]/displayName
nn	7	unconfirmed	//ldml/localeDisplayNames/languages/language[@type="vmw"]
nn	7	unconfirmed	//ldml/localeDisplayNames/languages/language[@type="kxv"]
ps	6	ABSENT	//ldml/units/unitLength[@type="short"]/unit[@type="speed-light-speed"]/displayName
ps	6	ABSENT	//ldml/units/unitLength[@type="short"]/unit[@type="speed-light-speed"]/unitPattern[@count="other"]
ps	6	ABSENT	//ldml/units/unitLength[@type="long"]/unit[@type="speed-light-speed"]/displayName
ps	6	ABSENT	//ldml/units/unitLength[@type="long"]/unit[@type="speed-light-speed"]/unitPattern[@count="other"]
ps	6	ABSENT	//ldml/units/unitLength[@type="short"]/unit[@type="speed-light-speed"]/unitPattern[@count="one"]
ps	6	ABSENT	//ldml/units/unitLength[@type="long"]/unit[@type="speed-light-speed"]/unitPattern[@count="one"]
qu	189	ABSENT	//ldml/annotations/annotation[@cp="ğŸ«†"][@type="tts"]
qu	189	ABSENT	//ldml/annotations/annotation[@cp="ğŸ—“"]
qu	189	ABSENT	//ldml/annotations/annotation[@cp="ğŸ«©"][@type="tts"]
qu	189	ABSENT	//ldml/annotations/annotation[@cp="ğŸ«§"]
qu	189	ABSENT	//ldml/annotations/annotation[@cp="âš’"][@type="tts"]
qu	189	ABSENT	//ldml/annotations/annotation[@cp="ğŸª£"]
qu	189	ABSENT	//ldml/annotations/annotation[@cp="ğŸ”©"]
qu	189	ABSENT	//ldml/annotations/annotation[@cp="ğŸ“¥"]
qu	189	ABSENT	//ldml/annotations/annotation[@cp="ğŸ—³"][@type="tts"]
qu	189	ABSENT	//ldml/annotations/annotation[@cp="ğŸ§¹"]
qu	189	ABSENT	//ldml/annotations/annotation[@cp="ğŸ“"]
qu	189	ABSENT	//ldml/annotations/annotation[@cp="ğŸ§·"]
qu	189	ABSENT	//ldml/annotations/annotation[@cp="ğŸ—’"]
qu	189	ABSENT	//ldml/annotations/annotation[@cp="ğŸ›"]
qu	189	ABSENT	//ldml/annotations/annotation[@cp="ğŸ”¨"]
qu	189	ABSENT	//ldml/annotations/annotation[@cp="ğŸ—’"][@type="tts"]
qu	189	ABSENT	//ldml/annotations/annotation[@cp="ğŸ—‘"][@type="tts"]
qu	189	ABSENT	//ldml/annotations/annotation[@cp="ğŸ“‚"]
qu	189	ABSENT	//ldml/annotations/annotation[@cp="ğŸ«©"]
qu	189	ABSENT	//ldml/annotations/annotation[@cp="ğŸª¥"]
qu	189	ABSENT	//ldml/annotations/annotation[@cp="ğŸ§´"][@type="tts"]
qu	189	ABSENT	//ldml/annotations/annotation[@cp="ğŸªƒ"]
qu	189	ABSENT	//ldml/annotations/annotation[@cp="ğŸ¹"][@type="tts"]
qu	189	ABSENT	//ldml/annotations/annotation[@cp="ğŸ«§"][@type="tts"]
qu	189	ABSENT	//ldml/characterLabels/characterLabelPattern[@type="facing-right"]
qu	189	ABSENT	//ldml/annotations/annotation[@cp="ğŸ§»"]
qu	189	ABSENT	//ldml/annotations/annotation[@cp="ğŸ“…"]
qu	189	ABSENT	//ldml/annotations/annotation[@cp="ğŸ«†"]
qu	189	ABSENT	//ldml/annotations/annotation[@cp="ğŸª "][@type="tts"]
qu	189	ABSENT	//ldml/annotations/annotation[@cp="ğŸš¿"][@type="tts"]
qu	189	ABSENT	//ldml/annotations/annotation[@cp="ğŸ’¼"][@type="tts"]
qu	189	ABSENT	//ldml/annotations/annotation[@cp="ğŸª¤"]
qu	189	ABSENT	//ldml/annotations/annotation[@cp="ğŸª¤"][@type="tts"]
qu	189	ABSENT	//ldml/units/unitLength[@type="long"]/unit[@type="speed-light-speed"]/displayName
qu	189	ABSENT	//ldml/annotations/annotation[@cp="ğŸª¥"][@type="tts"]
qu	189	ABSENT	//ldml/annotations/annotation[@cp="ğŸª£"][@type="tts"]
qu	189	ABSENT	//ldml/annotations/annotation[@cp="ğŸ›"][@type="tts"]
qu	189	ABSENT	//ldml/annotations/annotation[@cp="ğŸ§·"][@type="tts"]
qu	189	ABSENT	//ldml/annotations/annotation[@cp="ğŸ§º"][@type="tts"]
qu	189	ABSENT	//ldml/annotations/annotation[@cp="ğŸ“¦"]
qu	189	ABSENT	//ldml/annotations/annotation[@cp="ğŸ§¹"][@type="tts"]
qu	189	ABSENT	//ldml/annotations/annotation[@cp="ğŸ§º"]
qu	189	ABSENT	//ldml/annotations/annotation[@cp="âš–"][@type="tts"]
qu	189	ABSENT	//ldml/annotations/annotation[@cp="ğŸ§´"]
qu	189	ABSENT	//ldml/annotations/annotation[@cp="ğŸªŸ"][@type="tts"]
qu	189	ABSENT	//ldml/annotations/annotation[@cp="ğŸ§»"][@type="tts"]
qu	189	ABSENT	//ldml/annotations/annotation[@cp="ğŸªŸ"]
qu	189	ABSENT	//ldml/annotations/annotation[@cp="ğŸ› "]
qu	189	ABSENT	//ldml/annotations/annotation[@cp="â›"]
qu	189	ABSENT	//ldml/units/unitLength[@type="long"]/unit[@type="duration-night"]/perUnitPattern
qu	189	ABSENT	//ldml/annotations/annotation[@cp="âš—"][@type="tts"]
qu	189	ABSENT	//ldml/annotations/annotation[@cp="ğŸ—“"][@type="tts"]
qu	189	ABSENT	//ldml/annotations/annotation[@cp="ğŸ©¼"][@type="tts"]
qu	189	ABSENT	//ldml/annotations/annotation[@cp="ğŸ©»"][@type="tts"]
qu	189	ABSENT	//ldml/annotations/annotation[@cp="ğŸš½"]
qu	189	ABSENT	//ldml/annotations/annotation[@cp="ğŸ©¼"]
qu	189	ABSENT	//ldml/annotations/annotation[@cp="ğŸªƒ"][@type="tts"]
qu	189	ABSENT	//ldml/annotations/annotation[@cp="ğŸ—³"]
qu	189	ABSENT	//ldml/annotations/annotation[@cp="ğŸ—‘"]
qu	189	ABSENT	//ldml/annotations/annotation[@cp="ğŸ“¥"][@type="tts"]
qu	189	ABSENT	//ldml/units/unitLength[@type="short"]/unit[@type="duration-night"]/unitPattern[@count="other"]
qu	189	ABSENT	//ldml/units/unitLength[@type="long"]/unit[@type="duration-night"]/displayName
qu	189	ABSENT	//ldml/annotations/annotation[@cp="ğŸ”§"]
qu	189	ABSENT	//ldml/annotations/annotation[@cp="âš”"][@type="tts"]
qu	189	ABSENT	//ldml/annotations/annotation[@cp="ğŸ“¡"]
qu	189	ABSENT	//ldml/annotations/annotation[@cp="ğŸ“¡"][@type="tts"]
qu	189	ABSENT	//ldml/characterLabels/characterLabelPattern[@type="facing-left"]
qu	189	ABSENT	//ldml/annotations/annotation[@cp="ğŸ›¡"]
qu	189	ABSENT	//ldml/annotations/annotation[@cp="ğŸª‰"][@type="tts"]
qu	189	ABSENT	//ldml/annotations/annotation[@cp="ğŸª "]
qu	189	ABSENT	//ldml/annotations/annotation[@cp="ğŸš¿"]
qu	189	ABSENT	//ldml/annotations/annotation[@cp="ğŸª‰"]
qu	189	ABSENT	//ldml/annotations/annotation[@cp="ğŸ”"]
qu	189	ABSENT	//ldml/annotations/annotation[@cp="ğŸª›"][@type="tts"]
qu	189	ABSENT	//ldml/annotations/annotation[@cp="âœ‚"][@type="tts"]
qu	189	ABSENT	//ldml/annotations/annotation[@cp="ğŸ“­"]
qu	189	ABSENT	//ldml/annotations/annotation[@cp="ğŸ“‹"]
qu	189	ABSENT	//ldml/annotations/annotation[@cp="ğŸ“¦"][@type="tts"]
qu	189	ABSENT	//ldml/annotations/annotation[@cp="ğŸ—œ"]
qu	189	ABSENT	//ldml/annotations/annotation[@cp="â›"][@type="tts"]
qu	189	ABSENT	//ldml/annotations/annotation[@cp="ğŸ›‹"]
qu	189	ABSENT	//ldml/units/unitLength[@type="long"]/unit[@type="duration-night"]/unitPattern[@count="other"]
qu	189	ABSENT	//ldml/annotations/annotation[@cp="ğŸ§¯"][@type="tts"]
qu	189	ABSENT	//ldml/annotations/annotation[@cp="âœ’"][@type="tts"]
qu	189	ABSENT	//ldml/annotations/annotation[@cp="âš—"]
qu	189	ABSENT	//ldml/annotations/annotation[@cp="ğŸ¹"]
qu	189	ABSENT	//ldml/annotations/annotation[@cp="âš™"][@type="tts"]
qu	189	ABSENT	//ldml/annotations/annotation[@cp="ğŸ“Š"]
qu	189	ABSENT	//ldml/annotations/annotation[@cp="ğŸ“¬"]
qu	189	ABSENT	//ldml/annotations/annotation[@cp="ğŸ§½"][@type="tts"]
qu	189	ABSENT	//ldml/annotations/annotation[@cp="ğŸ“"]
qu	189	ABSENT	//ldml/annotations/annotation[@cp="ğŸ’‰"]
qu	189	ABSENT	//ldml/annotations/annotation[@cp="ğŸ“‡"][@type="tts"]
qu	189	ABSENT	//ldml/annotations/annotation[@cp="ğŸ“…"][@type="tts"]
qu	189	ABSENT	//ldml/annotations/annotation[@cp="ğŸ—œ"][@type="tts"]
qu	189	ABSENT	//ldml/annotations/annotation[@cp="ğŸ«Ÿ"][@type="tts"]
qu	189	ABSENT	//ldml/annotations/annotation[@cp="ğŸ”"]
qu	189	ABSENT	//ldml/annotations/annotation[@cp="ğŸ“Œ"]
qu	189	ABSENT	//ldml/annotations/annotation[@cp="âš™"]
qu	189	ABSENT	//ldml/annotations/annotation[@cp="ğŸ“"][@type="tts"]
qu	189	ABSENT	//ldml/units/unitLength[@type="long"]/unit[@type="speed-light-speed"]/unitPattern[@count="other"]
qu	189	ABSENT	//ldml/annotations/annotation[@cp="ğŸ”¨"][@type="tts"]
qu	189	ABSENT	//ldml/annotations/annotation[@cp="ğŸ§½"]
qu	189	ABSENT	//ldml/annotations/annotation[@cp="ğŸ“‡"]
qu	189	ABSENT	//ldml/annotations/annotation[@cp="âš’"]
qu	189	ABSENT	//ldml/annotations/annotation[@cp="ğŸ§«"][@type="tts"]
qu	189	ABSENT	//ldml/annotations/annotation[@cp="ğŸ“†"]
qu	189	ABSENT	//ldml/annotations/annotation[@cp="ğŸ§¼"]
qu	189	ABSENT	//ldml/annotations/annotation[@cp="âš–"]
qu	189	ABSENT	//ldml/annotations/annotation[@cp="ğŸ“«"]
qu	189	ABSENT	//ldml/annotations/annotation[@cp="ğŸ“‰"]
qu	189	ABSENT	//ldml/annotations/annotation[@cp="ğŸ”"][@type="tts"]
qu	189	ABSENT	//ldml/annotations/annotation[@cp="ğŸ“ˆ"]
qu	189	ABSENT	//ldml/annotations/annotation[@cp="ğŸ“ª"]
qu	189	ABSENT	//ldml/annotations/annotation[@cp="âš”"]
qu	189	ABSENT	//ldml/annotations/annotation[@cp="ğŸ› "][@type="tts"]
qu	189	ABSENT	//ldml/annotations/annotation[@cp="ğŸ—‚"]
qu	189	ABSENT	//ldml/units/unitLength[@type="short"]/unit[@type="duration-night"]/perUnitPattern
qu	189	ABSENT	//ldml/localeDisplayNames/languages/language[@type="ie"]
qu	189	ABSENT	//ldml/annotations/annotation[@cp="ğŸ›’"]
qu	189	ABSENT	//ldml/annotations/annotation[@cp="ğŸ“‹"][@type="tts"]
qu	189	ABSENT	//ldml/annotations/annotation[@cp="ğŸ“"][@type="tts"]
qu	189	ABSENT	//ldml/annotations/annotation[@cp="ğŸ“Œ"][@type="tts"]
qu	189	ABSENT	//ldml/annotations/annotation[@cp="ğŸ›’"][@type="tts"]
qu	189	ABSENT	//ldml/annotations/annotation[@cp="ğŸ—„"]
qu	189	ABSENT	//ldml/annotations/annotation[@cp="ğŸ“­"][@type="tts"]
qu	189	ABSENT	//ldml/annotations/annotation[@cp="ğŸ’Š"][@type="tts"]
qu	189	ABSENT	//ldml/units/unitLength[@type="short"]/unit[@type="concentr-portion-per-1e9"]/unitPattern[@count="other"]
qu	189	ABSENT	//ldml/annotations/annotation[@cp="ğŸ“Š"][@type="tts"]
qu	189	ABSENT	//ldml/annotations/annotation[@cp="ğŸ§ª"]
qu	189	ABSENT	//ldml/units/unitLength[@type="long"]/unit[@type="concentr-portion-per-1e9"]/displayName
qu	189	ABSENT	//ldml/annotations/annotation[@cp="ğŸ—ƒ"]
qu	189	ABSENT	//ldml/annotations/annotation[@cp="ğŸ’‰"][@type="tts"]
qu	189	ABSENT	//ldml/units/unitLength[@type="short"]/unit[@type="speed-light-speed"]/displayName
qu	189	ABSENT	//ldml/annotations/annotation[@cp="ğŸ—¡"][@type="tts"]
qu	189	ABSENT	//ldml/annotations/annotation[@cp="ğŸ“"]
qu	189	ABSENT	//ldml/annotations/annotation[@cp="ğŸ›"]
qu	189	ABSENT	//ldml/annotations/annotation[@cp="ğŸ“‰"][@type="tts"]
qu	189	ABSENT	//ldml/localeDisplayNames/languages/language[@type="lmo"]
qu	189	ABSENT	//ldml/annotations/annotation[@cp="ğŸ“ˆ"][@type="tts"]
qu	189	ABSENT	//ldml/annotations/annotation[@cp="âœ‚"]
qu	189	ABSENT	//ldml/annotations/annotation[@cp="ğŸ“¬"][@type="tts"]
qu	189	ABSENT	//ldml/annotations/annotation[@cp="ğŸ“"][@type="tts"]
qu	189	ABSENT	//ldml/annotations/annotation[@cp="ğŸ’Š"]
qu	189	ABSENT	//ldml/annotations/annotation[@cp="ğŸ“"][@type="tts"]
qu	189	ABSENT	//ldml/annotations/annotation[@cp="ğŸ“ª"][@type="tts"]
qu	189	ABSENT	//ldml/annotations/annotation[@cp="ğŸ”“"]
qu	189	ABSENT	//ldml/annotations/annotation[@cp="ğŸ“«"][@type="tts"]
qu	189	ABSENT	//ldml/localeDisplayNames/languages/language[@type="vmw"]
qu	189	ABSENT	//ldml/annotations/annotation[@cp="ğŸª"][@type="tts"]
qu	189	ABSENT	//ldml/annotations/annotation[@cp="ğŸ“"]
qu	189	ABSENT	//ldml/localeDisplayNames/languages/language[@type="kxv"]
qu	189	ABSENT	//ldml/annotations/annotation[@cp="ğŸ—¡"]
qu	189	ABSENT	//ldml/annotations/annotation[@cp="ğŸ—„"][@type="tts"]
qu	189	ABSENT	//ldml/annotations/annotation[@cp="ğŸª"]
qu	189	ABSENT	//ldml/localeDisplayNames/languages/language[@type="szl"]
qu	189	ABSENT	//ldml/annotations/annotation[@cp="ğŸ—ƒ"][@type="tts"]
qu	189	ABSENT	//ldml/annotations/annotation[@cp="ğŸ—‚"][@type="tts"]
qu	189	ABSENT	//ldml/annotations/annotation[@cp="ğŸ›‹"][@type="tts"]
qu	189	ABSENT	//ldml/annotations/annotation[@cp="ğŸªš"]
qu	189	ABSENT	//ldml/annotations/annotation[@cp="ğŸ«Ÿ"]
qu	189	ABSENT	//ldml/annotations/annotation[@cp="ğŸª›"]
qu	189	ABSENT	//ldml/annotations/annotation[@cp="ğŸªš"][@type="tts"]
qu	189	ABSENT	//ldml/units/unitLength[@type="short"]/unit[@type="speed-light-speed"]/unitPattern[@count="other"]
qu	189	ABSENT	//ldml/annotations/annotation[@cp="ğŸ§¯"]
qu	189	ABSENT	//ldml/annotations/annotation[@cp="ğŸ§¬"][@type="tts"]
qu	189	ABSENT	//ldml/annotations/annotation[@cp="ğŸ“†"][@type="tts"]
qu	189	ABSENT	//ldml/annotations/annotation[@cp="ğŸ“‚"][@type="tts"]
qu	189	ABSENT	//ldml/annotations/annotation[@cp="ğŸ’¼"]
qu	189	ABSENT	//ldml/annotations/annotation[@cp="ğŸ”©"][@type="tts"]
qu	189	ABSENT	//ldml/annotations/annotation[@cp="ğŸ©»"]
qu	189	ABSENT	//ldml/annotations/annotation[@cp="ğŸš½"][@type="tts"]
qu	189	ABSENT	//ldml/annotations/annotation[@cp="ğŸ§¼"][@type="tts"]
qu	189	ABSENT	//ldml/localeDisplayNames/languages/language[@type="blo"]
qu	189	ABSENT	//ldml/annotations/annotation[@cp="ğŸ§¬"]
qu	189	ABSENT	//ldml/units/unitLength[@type="long"]/unit[@type="concentr-portion-per-1e9"]/unitPattern[@count="other"]
qu	189	ABSENT	//ldml/annotations/annotation[@cp="ğŸ”§"][@type="tts"]
qu	189	ABSENT	//ldml/annotations/annotation[@cp="ğŸ›"][@type="tts"]
qu	189	ABSENT	//ldml/localeDisplayNames/languages/language[@type="xnr"]
qu	189	ABSENT	//ldml/annotations/annotation[@cp="ğŸ§«"]
qu	189	ABSENT	//ldml/localeDisplayNames/languages/language[@type="lij"]
qu	189	ABSENT	//ldml/localeDisplayNames/languages/language[@type="vec"]
qu	189	ABSENT	//ldml/annotations/annotation[@cp="ğŸ§ª"][@type="tts"]
qu	189	ABSENT	//ldml/localeDisplayNames/languages/language[@type="za"]
qu	189	ABSENT	//ldml/units/unitLength[@type="short"]/unit[@type="duration-night"]/displayName
qu	189	ABSENT	//ldml/units/unitLength[@type="short"]/unit[@type="concentr-portion-per-1e9"]/displayName
qu	189	ABSENT	//ldml/annotations/annotation[@cp="ğŸ”"][@type="tts"]
qu	189	ABSENT	//ldml/annotations/annotation[@cp="ğŸ”“"][@type="tts"]
qu	189	ABSENT	//ldml/annotations/annotation[@cp="ğŸ›¡"][@type="tts"]
ru	31	ABSENT	//ldml/units/unitLength[@type="short"]/unit[@type="speed-light-speed"]/displayName
ru	31	ABSENT	//ldml/units/unitLength[@type="short"]/unit[@type="speed-light-speed"]/unitPattern[@count="other"]
ru	31	ABSENT	//ldml/units/unitLength[@type="long"]/unit[@type="speed-light-speed"]/displayName
ru	31	ABSENT	//ldml/units/unitLength[@type="long"]/unit[@type="speed-light-speed"]/unitPattern[@count="other"]
ru	31	ABSENT	//ldml/units/unitLength[@type="long"]/unit[@type="speed-light-speed"]/unitPattern[@count="few"][@case="accusative"]
ru	31	ABSENT	//ldml/units/unitLength[@type="short"]/unit[@type="speed-light-speed"]/unitPattern[@count="few"]
ru	31	ABSENT	//ldml/units/unitLength[@type="long"]/unit[@type="speed-light-speed"]/unitPattern[@count="one"][@case="instrumental"]
ru	31	ABSENT	//ldml/units/unitLength[@type="long"]/unit[@type="speed-light-speed"]/unitPattern[@count="few"]
ru	31	ABSENT	//ldml/units/unitLength[@type="long"]/unit[@type="speed-light-speed"]/unitPattern[@count="few"][@case="dative"]
ru	31	ABSENT	//ldml/units/unitLength[@type="long"]/unit[@type="speed-light-speed"]/unitPattern[@count="many"][@case="instrumental"]
ru	31	ABSENT	//ldml/units/unitLength[@type="long"]/unit[@type="speed-light-speed"]/unitPattern[@count="one"][@case="genitive"]
ru	31	ABSENT	//ldml/units/unitLength[@type="long"]/unit[@type="speed-light-speed"]/unitPattern[@count="other"][@case="prepositional"]
ru	31	ABSENT	//ldml/units/unitLength[@type="long"]/unit[@type="speed-light-speed"]/unitPattern[@count="many"][@case="genitive"]
ru	31	ABSENT	//ldml/units/unitLength[@type="long"]/unit[@type="speed-light-speed"]/unitPattern[@count="few"][@case="instrumental"]
ru	31	ABSENT	//ldml/units/unitLength[@type="short"]/unit[@type="speed-light-speed"]/unitPattern[@count="many"]
ru	31	ABSENT	//ldml/units/unitLength[@type="long"]/unit[@type="speed-light-speed"]/unitPattern[@count="one"]
ru	31	ABSENT	//ldml/units/unitLength[@type="long"]/unit[@type="speed-light-speed"]/unitPattern[@count="other"][@case="instrumental"]
ru	31	ABSENT	//ldml/units/unitLength[@type="long"]/unit[@type="speed-light-speed"]/unitPattern[@count="one"][@case="prepositional"]
ru	31	ABSENT	//ldml/units/unitLength[@type="long"]/unit[@type="speed-light-speed"]/unitPattern[@count="one"][@case="accusative"]
ru	31	ABSENT	//ldml/units/unitLength[@type="long"]/unit[@type="speed-light-speed"]/unitPattern[@count="many"][@case="prepositional"]
ru	31	ABSENT	//ldml/units/unitLength[@type="long"]/unit[@type="speed-light-speed"]/unitPattern[@count="many"]
ru	31	ABSENT	//ldml/units/unitLength[@type="long"]/unit[@type="speed-light-speed"]/unitPattern[@count="other"][@case="genitive"]
ru	31	ABSENT	//ldml/units/unitLength[@type="long"]/unit[@type="speed-light-speed"]/unitPattern[@count="many"][@case="accusative"]
ru	31	ABSENT	//ldml/units/unitLength[@type="long"]/unit[@type="speed-light-speed"]/gender
ru	31	ABSENT	//ldml/units/unitLength[@type="long"]/unit[@type="speed-light-speed"]/unitPattern[@count="other"][@case="dative"]
ru	31	ABSENT	//ldml/units/unitLength[@type="long"]/unit[@type="speed-light-speed"]/unitPattern[@count="few"][@case="prepositional"]
ru	31	ABSENT	//ldml/units/unitLength[@type="short"]/unit[@type="speed-light-speed"]/unitPattern[@count="one"]
ru	31	ABSENT	//ldml/units/unitLength[@type="long"]/unit[@type="speed-light-speed"]/unitPattern[@count="one"][@case="dative"]
ru	31	ABSENT	//ldml/units/unitLength[@type="long"]/unit[@type="speed-light-speed"]/unitPattern[@count="many"][@case="dative"]
ru	31	ABSENT	//ldml/units/unitLength[@type="long"]/unit[@type="speed-light-speed"]/unitPattern[@count="few"][@case="genitive"]
ru	31	ABSENT	//ldml/units/unitLength[@type="long"]/unit[@type="speed-light-speed"]/unitPattern[@count="other"][@case="accusative"]
sk	31	ABSENT	//ldml/units/unitLength[@type="short"]/unit[@type="speed-light-speed"]/displayName
sk	31	ABSENT	//ldml/units/unitLength[@type="short"]/unit[@type="speed-light-speed"]/unitPattern[@count="other"]
sk	31	ABSENT	//ldml/units/unitLength[@type="long"]/unit[@type="speed-light-speed"]/displayName
sk	31	ABSENT	//ldml/units/unitLength[@type="long"]/unit[@type="speed-light-speed"]/unitPattern[@count="other"]
sk	31	ABSENT	//ldml/units/unitLength[@type="long"]/unit[@type="speed-light-speed"]/unitPattern[@count="few"][@case="accusative"]
sk	31	ABSENT	//ldml/units/unitLength[@type="short"]/unit[@type="speed-light-speed"]/unitPattern[@count="few"]
sk	31	ABSENT	//ldml/units/unitLength[@type="long"]/unit[@type="speed-light-speed"]/unitPattern[@count="one"][@case="instrumental"]
sk	31	ABSENT	//ldml/units/unitLength[@type="long"]/unit[@type="speed-light-speed"]/unitPattern[@count="other"][@case="locative"]
sk	31	ABSENT	//ldml/units/unitLength[@type="long"]/unit[@type="speed-light-speed"]/unitPattern[@count="few"]
sk	31	ABSENT	//ldml/units/unitLength[@type="long"]/unit[@type="speed-light-speed"]/unitPattern[@count="few"][@case="dative"]
sk	31	ABSENT	//ldml/units/unitLength[@type="long"]/unit[@type="speed-light-speed"]/unitPattern[@count="many"][@case="instrumental"]
sk	31	ABSENT	//ldml/units/unitLength[@type="long"]/unit[@type="speed-light-speed"]/unitPattern[@count="one"][@case="genitive"]
sk	31	ABSENT	//ldml/units/unitLength[@type="long"]/unit[@type="speed-light-speed"]/unitPattern[@count="many"][@case="genitive"]
sk	31	ABSENT	//ldml/units/unitLength[@type="long"]/unit[@type="speed-light-speed"]/unitPattern[@count="few"][@case="instrumental"]
sk	31	ABSENT	//ldml/units/unitLength[@type="long"]/unit[@type="speed-light-speed"]/unitPattern[@count="one"][@case="locative"]
sk	31	ABSENT	//ldml/units/unitLength[@type="long"]/unit[@type="speed-light-speed"]/unitPattern[@count="few"][@case="locative"]
sk	31	ABSENT	//ldml/units/unitLength[@type="short"]/unit[@type="speed-light-speed"]/unitPattern[@count="many"]
sk	31	ABSENT	//ldml/units/unitLength[@type="long"]/unit[@type="speed-light-speed"]/unitPattern[@count="one"]
sk	31	ABSENT	//ldml/units/unitLength[@type="long"]/unit[@type="speed-light-speed"]/unitPattern[@count="other"][@case="instrumental"]
sk	31	ABSENT	//ldml/units/unitLength[@type="long"]/unit[@type="speed-light-speed"]/unitPattern[@count="one"][@case="accusative"]
sk	31	ABSENT	//ldml/units/unitLength[@type="long"]/unit[@type="speed-light-speed"]/unitPattern[@count="many"]
sk	31	ABSENT	//ldml/units/unitLength[@type="long"]/unit[@type="speed-light-speed"]/unitPattern[@count="other"][@case="genitive"]
sk	31	ABSENT	//ldml/units/unitLength[@type="long"]/unit[@type="speed-light-speed"]/unitPattern[@count="many"][@case="accusative"]
sk	31	ABSENT	//ldml/units/unitLength[@type="long"]/unit[@type="speed-light-speed"]/gender
sk	31	ABSENT	//ldml/units/unitLength[@type="long"]/unit[@type="speed-light-speed"]/unitPattern[@count="other"][@case="dative"]
sk	31	ABSENT	//ldml/units/unitLength[@type="short"]/unit[@type="speed-light-speed"]/unitPattern[@count="one"]
sk	31	ABSENT	//ldml/units/unitLength[@type="long"]/unit[@type="speed-light-speed"]/unitPattern[@count="one"][@case="dative"]
sk	31	ABSENT	//ldml/units/unitLength[@type="long"]/unit[@type="speed-light-speed"]/unitPattern[@count="many"][@case="locative"]
sk	31	ABSENT	//ldml/units/unitLength[@type="long"]/unit[@type="speed-light-speed"]/unitPattern[@count="many"][@case="dative"]
sk	31	ABSENT	//ldml/units/unitLength[@type="long"]/unit[@type="speed-light-speed"]/unitPattern[@count="few"][@case="genitive"]
sk	31	ABSENT	//ldml/units/unitLength[@type="long"]/unit[@type="speed-light-speed"]/unitPattern[@count="other"][@case="accusative"]
sq	6	ABSENT	//ldml/units/unitLength[@type="short"]/unit[@type="speed-light-speed"]/displayName
sq	6	ABSENT	//ldml/units/unitLength[@type="short"]/unit[@type="speed-light-speed"]/unitPattern[@count="other"]
sq	6	ABSENT	//ldml/units/unitLength[@type="long"]/unit[@type="speed-light-speed"]/displayName
sq	6	ABSENT	//ldml/units/unitLength[@type="long"]/unit[@type="speed-light-speed"]/unitPattern[@count="other"]
sq	6	ABSENT	//ldml/units/unitLength[@type="short"]/unit[@type="speed-light-speed"]/unitPattern[@count="one"]
sq	6	ABSENT	//ldml/units/unitLength[@type="long"]/unit[@type="speed-light-speed"]/unitPattern[@count="one"]
uk	31	ABSENT	//ldml/units/unitLength[@type="short"]/unit[@type="speed-light-speed"]/displayName
uk	31	ABSENT	//ldml/units/unitLength[@type="short"]/unit[@type="speed-light-speed"]/unitPattern[@count="other"]
uk	31	ABSENT	//ldml/units/unitLength[@type="long"]/unit[@type="speed-light-speed"]/displayName
uk	31	ABSENT	//ldml/units/unitLength[@type="long"]/unit[@type="speed-light-speed"]/unitPattern[@count="other"]
uk	31	ABSENT	//ldml/units/unitLength[@type="long"]/unit[@type="speed-light-speed"]/unitPattern[@count="few"][@case="accusative"]
uk	31	ABSENT	//ldml/units/unitLength[@type="short"]/unit[@type="speed-light-speed"]/unitPattern[@count="few"]
uk	31	ABSENT	//ldml/units/unitLength[@type="long"]/unit[@type="speed-light-speed"]/unitPattern[@count="one"][@case="instrumental"]
uk	31	ABSENT	//ldml/units/unitLength[@type="long"]/unit[@type="speed-light-speed"]/unitPattern[@count="other"][@case="locative"]
uk	31	ABSENT	//ldml/units/unitLength[@type="long"]/unit[@type="speed-light-speed"]/unitPattern[@count="few"]
uk	31	ABSENT	//ldml/units/unitLength[@type="long"]/unit[@type="speed-light-speed"]/unitPattern[@count="few"][@case="dative"]
uk	31	ABSENT	//ldml/units/unitLength[@type="long"]/unit[@type="speed-light-speed"]/unitPattern[@count="many"][@case="instrumental"]
uk	31	ABSENT	//ldml/units/unitLength[@type="long"]/unit[@type="speed-light-speed"]/unitPattern[@count="one"][@case="genitive"]
uk	31	ABSENT	//ldml/units/unitLength[@type="long"]/unit[@type="speed-light-speed"]/unitPattern[@count="many"][@case="genitive"]
uk	31	ABSENT	//ldml/units/unitLength[@type="long"]/unit[@type="speed-light-speed"]/unitPattern[@count="few"][@case="instrumental"]
uk	31	ABSENT	//ldml/units/unitLength[@type="long"]/unit[@type="speed-light-speed"]/unitPattern[@count="one"][@case="locative"]
uk	31	ABSENT	//ldml/units/unitLength[@type="long"]/unit[@type="speed-light-speed"]/unitPattern[@count="few"][@case="locative"]
uk	31	ABSENT	//ldml/units/unitLength[@type="short"]/unit[@type="speed-light-speed"]/unitPattern[@count="many"]
uk	31	ABSENT	//ldml/units/unitLength[@type="long"]/unit[@type="speed-light-speed"]/unitPattern[@count="one"]
uk	31	ABSENT	//ldml/units/unitLength[@type="long"]/unit[@type="speed-light-speed"]/unitPattern[@count="other"][@case="instrumental"]
uk	31	ABSENT	//ldml/units/unitLength[@type="long"]/unit[@type="speed-light-speed"]/unitPattern[@count="one"][@case="accusative"]
uk	31	ABSENT	//ldml/units/unitLength[@type="long"]/unit[@type="speed-light-speed"]/unitPattern[@count="many"]
uk	31	ABSENT	//ldml/units/unitLength[@type="long"]/unit[@type="speed-light-speed"]/unitPattern[@count="other"][@case="genitive"]
uk	31	ABSENT	//ldml/units/unitLength[@type="long"]/unit[@type="speed-light-speed"]/unitPattern[@count="many"][@case="accusative"]
uk	31	ABSENT	//ldml/units/unitLength[@type="long"]/unit[@type="speed-light-speed"]/gender
uk	31	ABSENT	//ldml/units/unitLength[@type="long"]/unit[@type="speed-light-speed"]/unitPattern[@count="other"][@case="dative"]
uk	31	ABSENT	//ldml/units/unitLength[@type="short"]/unit[@type="speed-light-speed"]/unitPattern[@count="one"]
uk	31	ABSENT	//ldml/units/unitLength[@type="long"]/unit[@type="speed-light-speed"]/unitPattern[@count="one"][@case="dative"]
uk	31	ABSENT	//ldml/units/unitLength[@type="long"]/unit[@type="speed-light-speed"]/unitPattern[@count="many"][@case="locative"]
uk	31	ABSENT	//ldml/units/unitLength[@type="long"]/unit[@type="speed-light-speed"]/unitPattern[@count="many"][@case="dative"]
uk	31	ABSENT	//ldml/units/unitLength[@type="long"]/unit[@type="speed-light-speed"]/unitPattern[@count="few"][@case="genitive"]
uk	31	ABSENT	//ldml/units/unitLength[@type="long"]/unit[@type="speed-light-speed"]/unitPattern[@count="other"][@case="accusative"]
uz	6	ABSENT	//ldml/units/unitLength[@type="short"]/unit[@type="speed-light-speed"]/displayName
uz	6	ABSENT	//ldml/units/unitLength[@type="short"]/unit[@type="speed-light-speed"]/unitPattern[@count="other"]
uz	6	ABSENT	//ldml/units/unitLength[@type="long"]/unit[@type="speed-light-speed"]/displayName
uz	6	ABSENT	//ldml/units/unitLength[@type="long"]/unit[@type="speed-light-speed"]/unitPattern[@count="other"]
uz	6	ABSENT	//ldml/units/unitLength[@type="short"]/unit[@type="speed-light-speed"]/unitPattern[@count="one"]
uz	6	ABSENT	//ldml/units/unitLength[@type="long"]/unit[@type="speed-light-speed"]/unitPattern[@count="one"]
vi	4	ABSENT	//ldml/units/unitLength[@type="long"]/unit[@type="speed-light-speed"]/displayName
vi	4	ABSENT	//ldml/units/unitLength[@type="long"]/unit[@type="speed-light-speed"]/unitPattern[@count="other"]
vi	4	ABSENT	//ldml/units/unitLength[@type="short"]/unit[@type="speed-light-speed"]/displayName
vi	4	ABSENT	//ldml/units/unitLength[@type="short"]/unit[@type="speed-light-speed"]/unitPattern[@count="other"]
yo	2	ABSENT	//ldml/units/unitLength[@type="short"]/unit[@type="duration-year"]/perUnitPattern
yo	2	ABSENT	//ldml/units/unitLength[@type="long"]/unit[@type="duration-year"]/perUnitPattern
zh_Hant	4	ABSENT	//ldml/units/unitLength[@type="short"]/unit[@type="speed-light-speed"]/displayName
zh_Hant	4	ABSENT	//ldml/units/unitLength[@type="short"]/unit[@type="speed-light-speed"]/unitPattern[@count="other"]
zh_Hant	4	ABSENT	//ldml/units/unitLength[@type="long"]/unit[@type="speed-light-speed"]/displayName
zh_Hant	4	ABSENT	//ldml/units/unitLength[@type="long"]/unit[@type="speed-light-speed"]/unitPattern[@count="other"]
zu	14	ABSENT	//ldml/units/unitLength[@type="short"]/unit[@type="speed-light-speed"]/displayName
zu	14	ABSENT	//ldml/units/unitLength[@type="short"]/unit[@type="duration-year"]/perUnitPattern
zu	14	ABSENT	//ldml/units/unitLength[@type="short"]/unit[@type="speed-light-speed"]/unitPattern[@count="other"]
zu	14	ABSENT	//ldml/units/unitLength[@type="long"]/unit[@type="speed-light-speed"]/displayName
zu	14	ABSENT	//ldml/units/unitLength[@type="short"]/unit[@type="duration-year"]/displayName
zu	14	ABSENT	//ldml/units/unitLength[@type="short"]/unit[@type="duration-year"]/unitPattern[@count="other"]
zu	14	ABSENT	//ldml/units/unitLength[@type="long"]/unit[@type="duration-year"]/unitPattern[@count="other"]
zu	14	ABSENT	//ldml/units/unitLength[@type="long"]/unit[@type="speed-light-speed"]/unitPattern[@count="other"]
zu	14	ABSENT	//ldml/units/unitLength[@type="long"]/unit[@type="duration-year"]/perUnitPattern
zu	14	ABSENT	//ldml/units/unitLength[@type="long"]/unit[@type="duration-year"]/displayName
zu	14	ABSENT	//ldml/units/unitLength[@type="short"]/unit[@type="duration-year"]/unitPattern[@count="one"]
zu	14	ABSENT	//ldml/units/unitLength[@type="short"]/unit[@type="speed-light-speed"]/unitPattern[@count="one"]
zu	14	ABSENT	//ldml/units/unitLength[@type="long"]/unit[@type="duration-year"]/unitPattern[@count="one"]
zu	14	ABSENT	//ldml/units/unitLength[@type="long"]/unit[@type="speed-light-speed"]/unitPattern[@count="one"]
