#LCode	English Name	Script	Locale Level	Path Level	STStatus	Bailey	Vxml	VStatus	Section	Page	Header	Code	ST Link	Config Action
af	Afrikaans	Latin	modern	modern	READ_WRITE	doi			Locale Display Names	Languages (A-D)	D	Dogri ► doi	http://st.unicode.org/cldr-apps/v#/af//3b1808f53ad666df	
af	Afrikaans	Latin	modern	modern	READ_WRITE	skepel			Units	Volume	bushel	long-displayName	http://st.unicode.org/cldr-apps/v#/af//7a6345374de647dd	
af	Afrikaans	Latin	modern	modern	READ_WRITE	{0} st			Units	Mass and Weight	stone	short-one-nominative	http://st.unicode.org/cldr-apps/v#/af//6d8300ad95fecaba	
af	Afrikaans	Latin	modern	modern	READ_WRITE	{0} st			Units	Mass and Weight	stone	short-other-nominative	http://st.unicode.org/cldr-apps/v#/af//726ab91f191b33f4	
af	Afrikaans	Latin	modern	modern	READ_WRITE	skepel			Units	Volume	bushel	short-displayName	http://st.unicode.org/cldr-apps/v#/af//c42ae0a0bed9aa	
af	Afrikaans	Latin	modern	modern	READ_WRITE	oop-krulhakie			Characters	Symbols2	punctuation	{ –keywords	http://st.unicode.org/cldr-apps/v#/af//6c2bdce495fe72c4	
af	Afrikaans	Latin	modern	modern	READ_WRITE	oop-krulhakie			Characters	Symbols2	punctuation	{ -name	http://st.unicode.org/cldr-apps/v#/af//59abfcd56db82288	
af	Afrikaans	Latin	modern	modern	READ_WRITE	oop-blokhakie			Characters	Symbols2	punctuation	[ –keywords	http://st.unicode.org/cldr-apps/v#/af//76ef6a62dcd53618	
af	Afrikaans	Latin	modern	modern	READ_WRITE	oop-blokhakie			Characters	Symbols2	punctuation	[ -name	http://st.unicode.org/cldr-apps/v#/af//448ca56c2b4a1a90	
af	Afrikaans	Latin	modern	modern	READ_WRITE	oop-hoekhakie			Characters	Symbols2	punctuation	〈 –keywords	http://st.unicode.org/cldr-apps/v#/af//16ab93b70493926a	
af	Afrikaans	Latin	modern	modern	READ_WRITE	oop-hoekhakie			Characters	Symbols2	punctuation	〈 -name	http://st.unicode.org/cldr-apps/v#/af//189136bd501e2f89	
af	Afrikaans	Latin	modern	modern	READ_WRITE	sluit-hoekhakie			Characters	Symbols2	punctuation	〉 –keywords	http://st.unicode.org/cldr-apps/v#/af//7edd5072d2729f25	
af	Afrikaans	Latin	modern	modern	READ_WRITE	sluit-hoekhakie			Characters	Symbols2	punctuation	〉 -name	http://st.unicode.org/cldr-apps/v#/af//7d6996efbac2c21c	
af	Afrikaans	Latin	modern	modern	READ_WRITE	oop-dubbelhoekhakie			Characters	Symbols2	punctuation	《 –keywords	http://st.unicode.org/cldr-apps/v#/af//55b4d37e4f98163b	
af	Afrikaans	Latin	modern	modern	READ_WRITE	oop-dubbelhoekhakie			Characters	Symbols2	punctuation	《 -name	http://st.unicode.org/cldr-apps/v#/af//2db40fd307e629ce	
af	Afrikaans	Latin	modern	modern	READ_WRITE	oop-raamhakie			Characters	Symbols2	punctuation	「 –keywords	http://st.unicode.org/cldr-apps/v#/af//26eda4eeb21cc8be	
af	Afrikaans	Latin	modern	modern	READ_WRITE	oop-raamhakie			Characters	Symbols2	punctuation	「 -name	http://st.unicode.org/cldr-apps/v#/af//784b682a277ea89d	
af	Afrikaans	Latin	modern	modern	READ_WRITE	kleiner as | merker | oop merker			Characters	Symbols2	math	< –keywords	http://st.unicode.org/cldr-apps/v#/af//4f7af72bfde0ba2e	
ar	Arabic	Arabic	modern	core	HIDE				Special	Alphabetic Information	Layout	characterOrder	http://st.unicode.org/cldr-apps/v#/ar//7972e33a5e623d65	
ar	Arabic	Arabic	modern	moderate	READ_WRITE	لوتي ليسوتو			Currencies	Southern Africa	Southern Africa: Lesotho	LSL-name-zero	http://st.unicode.org/cldr-apps/v#/ar//4691a810f9e79a00	
ar	Arabic	Arabic	modern	moderate	READ_WRITE	لوتي ليسوتو			Currencies	Southern Africa	Southern Africa: Lesotho	LSL-name-one	http://st.unicode.org/cldr-apps/v#/ar//5b2f89143722a9fd	
ar	Arabic	Arabic	modern	moderate	READ_WRITE	لوتي ليسوتو			Currencies	Southern Africa	Southern Africa: Lesotho	LSL-name-two	http://st.unicode.org/cldr-apps/v#/ar//42b62a40dd126cb8	
ar	Arabic	Arabic	modern	moderate	READ_WRITE	لوتي ليسوتو			Currencies	Southern Africa	Southern Africa: Lesotho	LSL-name-few	http://st.unicode.org/cldr-apps/v#/ar//6e705d324b144997	
ar	Arabic	Arabic	modern	moderate	READ_WRITE	لوتي ليسوتو			Currencies	Southern Africa	Southern Africa: Lesotho	LSL-name-many	http://st.unicode.org/cldr-apps/v#/ar//3538dd6155a6259e	
ar	Arabic	Arabic	modern	moderate	READ_WRITE	لوتي ليسوتو			Currencies	Southern Africa	Southern Africa: Lesotho	LSL-name-other	http://st.unicode.org/cldr-apps/v#/ar//18e72d157fb85bce	
as	Assamese	Bangla	modern	modern	READ_WRITE	doi			Locale Display Names	Languages (A-D)	D	Dogri ► doi	http://st.unicode.org/cldr-apps/v#/as//3b1808f53ad666df	
as	Assamese	Bangla	modern	moderate	READ_WRITE	LSL			Currencies	Southern Africa	Southern Africa: Lesotho	LSL-name	http://st.unicode.org/cldr-apps/v#/as//73cdaa7e87cb07d1	
as	Assamese	Bangla	modern	moderate	READ_WRITE	LSL			Currencies	Southern Africa	Southern Africa: Lesotho	LSL-name-one	http://st.unicode.org/cldr-apps/v#/as//5b2f89143722a9fd	
as	Assamese	Bangla	modern	moderate	READ_WRITE	LSL			Currencies	Southern Africa	Southern Africa: Lesotho	LSL-name-other	http://st.unicode.org/cldr-apps/v#/as//18e72d157fb85bce	
az	Azerbaijani	Latin	modern	moderate	READ_WRITE	dram			Units	Volume	dram	short-displayName	http://st.unicode.org/cldr-apps/v#/az//53166ca23ecd6a40	
az	Azerbaijani	Latin	modern	moderate	READ_WRITE	{0} dram			Units	Volume	dram	short-one-nominative	http://st.unicode.org/cldr-apps/v#/az//29b0286a62dcfbef	
az	Azerbaijani	Latin	modern	moderate	READ_WRITE	{0} dram			Units	Volume	dram	short-other-nominative	http://st.unicode.org/cldr-apps/v#/az//489cdd047e9c3c46	
be	Belarusian	Cyrillic	modern	modern	READ_WRITE	doi			Locale Display Names	Languages (A-D)	D	Dogri ► doi	http://st.unicode.org/cldr-apps/v#/be//3b1808f53ad666df	
be	Belarusian	Cyrillic	modern	moderate	READ_WRITE	LSL			Currencies	Southern Africa	Southern Africa: Lesotho	LSL-name	http://st.unicode.org/cldr-apps/v#/be//73cdaa7e87cb07d1	
be	Belarusian	Cyrillic	modern	moderate	READ_WRITE	LSL			Currencies	Southern Africa	Southern Africa: Lesotho	LSL-name-one	http://st.unicode.org/cldr-apps/v#/be//5b2f89143722a9fd	
be	Belarusian	Cyrillic	modern	moderate	READ_WRITE	LSL			Currencies	Southern Africa	Southern Africa: Lesotho	LSL-name-few	http://st.unicode.org/cldr-apps/v#/be//6e705d324b144997	
be	Belarusian	Cyrillic	modern	moderate	READ_WRITE	LSL			Currencies	Southern Africa	Southern Africa: Lesotho	LSL-name-many	http://st.unicode.org/cldr-apps/v#/be//3538dd6155a6259e	
be	Belarusian	Cyrillic	modern	moderate	READ_WRITE	LSL			Currencies	Southern Africa	Southern Africa: Lesotho	LSL-name-other	http://st.unicode.org/cldr-apps/v#/be//18e72d157fb85bce	
bg	Bulgarian	Cyrillic	modern	moderate	READ_WRITE	брит. дес. лъжица			Units	Volume	dessert-spoon-imperial	long-displayName	http://st.unicode.org/cldr-apps/v#/bg//12a11a952914ef37	
bg	Bulgarian	Cyrillic	modern	moderate	READ_WRITE	{0} брит. дес. лъжица			Units	Volume	dessert-spoon-imperial	long-one-nominative	http://st.unicode.org/cldr-apps/v#/bg//6c1a9ff7604cd5cb	
bg	Bulgarian	Cyrillic	modern	moderate	READ_WRITE	{0} брит. дес. лъжици			Units	Volume	dessert-spoon-imperial	long-other-nominative	http://st.unicode.org/cldr-apps/v#/bg//9c2099be78f2803	
bg	Bulgarian	Cyrillic	modern	modern	READ_WRITE	fur			Units	Length	furlong	short-displayName	http://st.unicode.org/cldr-apps/v#/bg//677398b407d90a3a	
bg	Bulgarian	Cyrillic	modern	modern	READ_WRITE	fth			Units	Length	fathom	short-displayName	http://st.unicode.org/cldr-apps/v#/bg//701fa97abff70dc8	
bg	Bulgarian	Cyrillic	modern	modern	READ_WRITE	st			Units	Mass and Weight	stone	short-displayName	http://st.unicode.org/cldr-apps/v#/bg//78e9ef06b5dc52f6	
ceb	Cebuano	Latin	moderate	modern	HIDE				Supplemental	Plural	ordinal-ceb	other	http://st.unicode.org/cldr-apps/v#/ceb//35eeda148bd26429	
ceb	Cebuano	Latin	moderate	moderate	READ_WRITE	LSL			Currencies	Southern Africa	Southern Africa: Lesotho	LSL-name	http://st.unicode.org/cldr-apps/v#/ceb//73cdaa7e87cb07d1	
ceb	Cebuano	Latin	moderate	moderate	READ_WRITE	LSL			Currencies	Southern Africa	Southern Africa: Lesotho	LSL-name-one	http://st.unicode.org/cldr-apps/v#/ceb//5b2f89143722a9fd	
ceb	Cebuano	Latin	moderate	moderate	READ_WRITE	LSL			Currencies	Southern Africa	Southern Africa: Lesotho	LSL-name-other	http://st.unicode.org/cldr-apps/v#/ceb//18e72d157fb85bce	
doi	Dogri	Devanagari	basic	modern	HIDE				Supplemental	Plural	ordinal-doi	other	http://st.unicode.org/cldr-apps/v#/doi//6025b7afbbab39d5	
doi	Dogri	Devanagari	basic	core	HIDE				Miscellaneous	Linguistic Elements	Collation	standard	http://st.unicode.org/cldr-apps/v#/doi//96637b9643a58d4	
el	Greek	Greek	modern	modern	READ_WRITE	κάτω γραμμή			Characters	Symbols2	punctuation	_ –keywords	http://st.unicode.org/cldr-apps/v#/el//3aef69ebd6eef1a	
el	Greek	Greek	modern	modern	READ_WRITE	κάτω γραμμή			Characters	Symbols2	punctuation	_ -name	http://st.unicode.org/cldr-apps/v#/el//6db36cdedf5e7b29	
en	English	Latin	modern	moderate	READ_WRITE	{0} degree			Units	Weather	generic	long-one-nominative	http://st.unicode.org/cldr-apps/v#/en//2bb26ab5dcc064f6	
en	English	Latin	modern	moderate	READ_WRITE	{0} degrees			Units	Weather	generic	long-other-nominative	http://st.unicode.org/cldr-apps/v#/en//33c368f9174f3ad	
eu	Basque	Latin	modern	core	HIDE				Miscellaneous	Linguistic Elements	Collation	standard	http://st.unicode.org/cldr-apps/v#/eu//96637b9643a58d4	
eu	Basque	Latin	modern	modern	READ_WRITE	doi			Locale Display Names	Languages (A-D)	D	Dogri ► doi	http://st.unicode.org/cldr-apps/v#/eu//3b1808f53ad666df	
eu	Basque	Latin	modern	moderate	READ_WRITE	{0} puntu			Units	Graphics	dot	short-one-nominative	http://st.unicode.org/cldr-apps/v#/eu//533387ddbe234053	
eu	Basque	Latin	modern	moderate	READ_WRITE	{0} ptu			Units	Graphics	dot	short-other-nominative	http://st.unicode.org/cldr-apps/v#/eu//43e586d37982cf09	
fa	Persian	Arabic	modern	core	HIDE				Special	Alphabetic Information	Layout	characterOrder	http://st.unicode.org/cldr-apps/v#/fa//7972e33a5e623d65	
fil	Filipino	Latin	modern	modern	READ_WRITE	doi			Locale Display Names	Languages (A-D)	D	Dogri ► doi	http://st.unicode.org/cldr-apps/v#/fil//3b1808f53ad666df	
fil	Filipino	Latin	modern	moderate	LTR_ALWAYS	{0}?			Miscellaneous	Minimal Pairs	Ordinal	other	http://st.unicode.org/cldr-apps/v#/fil//4aadabab33db3504	
fil	Filipino	Latin	modern	moderate	READ_WRITE	{0} qt Imp.			Units	Volume	quart-imperial	short-one-nominative	http://st.unicode.org/cldr-apps/v#/fil//f9b6836722c6f84	
fil	Filipino	Latin	modern	moderate	READ_WRITE	{0} qt Imp.			Units	Volume	quart-imperial	short-other-nominative	http://st.unicode.org/cldr-apps/v#/fil//4079c576063805bd	
ga	Irish	Latin	modern	modern	READ_WRITE	doi			Locale Display Names	Languages (A-D)	D	Dogri ► doi	http://st.unicode.org/cldr-apps/v#/ga//3b1808f53ad666df	
ga	Irish	Latin	modern	modern	READ_WRITE	Aghem			Locale Display Names	Languages (A-D)	A	Aghem ► agq	http://st.unicode.org/cldr-apps/v#/ga//3cead67f8ae5f035	
ga	Irish	Latin	modern	modern	READ_WRITE	Asu			Locale Display Names	Languages (A-D)	A	Asu ► asa	http://st.unicode.org/cldr-apps/v#/ga//3a379e77aa91e890	
ga	Irish	Latin	modern	moderate	READ_WRITE	mebi{0}			Units	Compound Units	1024p2	long	http://st.unicode.org/cldr-apps/v#/ga//61ea5a846717f829	
ga	Irish	Latin	modern	moderate	READ_WRITE	Gi{0}			Units	Compound Units	1024p3	long	http://st.unicode.org/cldr-apps/v#/ga//3dbdf44f0a40ee7	
ga	Irish	Latin	modern	moderate	READ_WRITE	tebi{0}			Units	Compound Units	1024p4	long	http://st.unicode.org/cldr-apps/v#/ga//1b1d8e70dc2502b0	
ga	Irish	Latin	modern	moderate	READ_WRITE	Pi{0}			Units	Compound Units	1024p5	long	http://st.unicode.org/cldr-apps/v#/ga//573382c5742f9794	
ga	Irish	Latin	modern	moderate	READ_WRITE	Ei{0}			Units	Compound Units	1024p6	long	http://st.unicode.org/cldr-apps/v#/ga//62099e555b51cdc	
ga	Irish	Latin	modern	moderate	READ_WRITE	zebi{0}			Units	Compound Units	1024p7	long	http://st.unicode.org/cldr-apps/v#/ga//af1daa9b6e37a13	
ga	Irish	Latin	modern	moderate	READ_WRITE	yobe{0}			Units	Compound Units	1024p8	long	http://st.unicode.org/cldr-apps/v#/ga//7d2d7612f419fde5	
gl	Galician	Latin	modern	modern	READ_WRITE	doi			Locale Display Names	Languages (A-D)	D	Dogri ► doi	http://st.unicode.org/cldr-apps/v#/gl//3b1808f53ad666df	
ha	Hausa	Latin	moderate	modern	HIDE				Supplemental	Plural	ordinal-ha	other	http://st.unicode.org/cldr-apps/v#/ha//55bd07a412b02677	
he	Hebrew	Hebrew	modern	core	HIDE				Special	Alphabetic Information	Layout	characterOrder	http://st.unicode.org/cldr-apps/v#/he//7972e33a5e623d65	
hi	Hindi	Devanagari	modern	modern	LTR_ALWAYS	null			Miscellaneous	Minimal Pairs	Case	nominative	http://st.unicode.org/cldr-apps/v#/hi//5f0ead8545264c1b	
hi	Hindi	Devanagari	modern	modern	LTR_ALWAYS	null			Miscellaneous	Minimal Pairs	Case	oblique	http://st.unicode.org/cldr-apps/v#/hi//46671380082370b2	
hi	Hindi	Devanagari	modern	modern	LTR_ALWAYS	null			Miscellaneous	Minimal Pairs	Gender	feminine	http://st.unicode.org/cldr-apps/v#/hi//7e344346e9667aea	
hi	Hindi	Devanagari	modern	modern	LTR_ALWAYS	null			Miscellaneous	Minimal Pairs	Gender	masculine	http://st.unicode.org/cldr-apps/v#/hi//49a2786490dfd17e	
hi	Hindi	Devanagari	modern	moderate	READ_WRITE	कि.बी.{0}			Units	Compound Units	1024p1	short	http://st.unicode.org/cldr-apps/v#/hi//17e4360e7b3f079b	
hi	Hindi	Devanagari	modern	moderate	READ_WRITE	मे.बी.{0}			Units	Compound Units	1024p2	short	http://st.unicode.org/cldr-apps/v#/hi//4eaceaed1ace8f1b	
hi	Hindi	Devanagari	modern	moderate	READ_WRITE	जी.बी.{0}			Units	Compound Units	1024p3	short	http://st.unicode.org/cldr-apps/v#/hi//1120cbeca1f30399	
hi	Hindi	Devanagari	modern	moderate	READ_WRITE	टे.बी.{0}			Units	Compound Units	1024p4	short	http://st.unicode.org/cldr-apps/v#/hi//1dfc0de63ec8a969	
hi	Hindi	Devanagari	modern	moderate	READ_WRITE	पे.बी.{0}			Units	Compound Units	1024p5	short	http://st.unicode.org/cldr-apps/v#/hi//1f1cf81350cba321	
hi	Hindi	Devanagari	modern	moderate	READ_WRITE	एक्ज़.बी.{0}			Units	Compound Units	1024p6	short	http://st.unicode.org/cldr-apps/v#/hi//627bfb69ff895bb1	
hi	Hindi	Devanagari	modern	moderate	READ_WRITE	ज़े.बी.{0}			Units	Compound Units	1024p7	short	http://st.unicode.org/cldr-apps/v#/hi//7037444becc2be6f	
hi	Hindi	Devanagari	modern	moderate	READ_WRITE	यो.बी.{0}			Units	Compound Units	1024p8	short	http://st.unicode.org/cldr-apps/v#/hi//79a9bb78c1d14266	
hi	Hindi	Devanagari	modern	moderate	READ_WRITE	किबी.{0}			Units	Compound Units	1024p1	narrow	http://st.unicode.org/cldr-apps/v#/hi//cc2f5ebfc7cd4c2	
hi	Hindi	Devanagari	modern	moderate	READ_WRITE	मेबी.{0}			Units	Compound Units	1024p2	narrow	http://st.unicode.org/cldr-apps/v#/hi//4d1c06c51ea725ea	
hi	Hindi	Devanagari	modern	moderate	READ_WRITE	जीबी.{0}			Units	Compound Units	1024p3	narrow	http://st.unicode.org/cldr-apps/v#/hi//2e936648ba7f3568	
hi	Hindi	Devanagari	modern	moderate	READ_WRITE	टेबी.{0}			Units	Compound Units	1024p4	narrow	http://st.unicode.org/cldr-apps/v#/hi//45cb4dfaf46972c3	
hi	Hindi	Devanagari	modern	moderate	READ_WRITE	पेबी.{0}			Units	Compound Units	1024p5	narrow	http://st.unicode.org/cldr-apps/v#/hi//3f2fb809dd34d466	
hi	Hindi	Devanagari	modern	moderate	READ_WRITE	एक्ज़बी.{0}			Units	Compound Units	1024p6	narrow	http://st.unicode.org/cldr-apps/v#/hi//6bafaff49cd9b	
hi	Hindi	Devanagari	modern	moderate	READ_WRITE	ज़ेबी.{0}			Units	Compound Units	1024p7	narrow	http://st.unicode.org/cldr-apps/v#/hi//274bf1e844040a39	
hi	Hindi	Devanagari	modern	moderate	READ_WRITE	योबी.{0}			Units	Compound Units	1024p8	narrow	http://st.unicode.org/cldr-apps/v#/hi//4466fdd78cd3c852	
hi	Hindi	Devanagari	modern	modern	READ_WRITE	काटाकना मध्य बिंदु			Characters	Symbols2	punctuation	・ –keywords	http://st.unicode.org/cldr-apps/v#/hi//291902edcaf1eeb3	
hi	Hindi	Devanagari	modern	modern	READ_WRITE	काटाकना मध्य बिंदु			Characters	Symbols2	punctuation	・ -name	http://st.unicode.org/cldr-apps/v#/hi//4ca4a489aba58113	
hy	Armenian	Armenian	modern	modern	READ_WRITE	doi			Locale Display Names	Languages (A-D)	D	Dogri ► doi	http://st.unicode.org/cldr-apps/v#/hy//3b1808f53ad666df	
hy	Armenian	Armenian	modern	moderate	READ_WRITE	LSL			Currencies	Southern Africa	Southern Africa: Lesotho	LSL-name	http://st.unicode.org/cldr-apps/v#/hy//73cdaa7e87cb07d1	
hy	Armenian	Armenian	modern	moderate	READ_WRITE	LSL			Currencies	Southern Africa	Southern Africa: Lesotho	LSL-name-one	http://st.unicode.org/cldr-apps/v#/hy//5b2f89143722a9fd	
hy	Armenian	Armenian	modern	moderate	READ_WRITE	LSL			Currencies	Southern Africa	Southern Africa: Lesotho	LSL-name-other	http://st.unicode.org/cldr-apps/v#/hy//18e72d157fb85bce	
hy	Armenian	Armenian	modern	moderate	READ_WRITE	երկրային շառավիղ			Units	Length	earth-radius	long-displayName	http://st.unicode.org/cldr-apps/v#/hy//4d333779fa8acaf9	
hy	Armenian	Armenian	modern	moderate	READ_WRITE	{0} երկրային շառավիղ			Units	Length	earth-radius	long-one-nominative	http://st.unicode.org/cldr-apps/v#/hy//39f96749d872f8b2	
hy	Armenian	Armenian	modern	moderate	READ_WRITE	{0} երկրային շառավիղ			Units	Length	earth-radius	long-other-nominative	http://st.unicode.org/cldr-apps/v#/hy//2f1620f717a8dd43	
hy	Armenian	Armenian	modern	modern	READ_WRITE	ֆուրլոնգ			Units	Length	furlong	long-displayName	http://st.unicode.org/cldr-apps/v#/hy//4a1a1b529f424dac	
hy	Armenian	Armenian	modern	modern	READ_WRITE	ծովային սաժեններ			Units	Length	fathom	long-displayName	http://st.unicode.org/cldr-apps/v#/hy//44f07fc1978e2818	
hy	Armenian	Armenian	modern	modern	READ_WRITE	{0} ծովային սաժեն			Units	Length	fathom	long-one-nominative	http://st.unicode.org/cldr-apps/v#/hy//1101a0977a74513a	
hy	Armenian	Armenian	modern	modern	READ_WRITE	{0} ծովային սաժեն			Units	Length	fathom	long-other-nominative	http://st.unicode.org/cldr-apps/v#/hy//ce35810af72c6e6	
hy	Armenian	Armenian	modern	moderate	READ_WRITE	լյումեն			Units	Other Units	lumen	long-displayName	http://st.unicode.org/cldr-apps/v#/hy//2dc76afdf5c61506	
hy	Armenian	Armenian	modern	moderate	READ_WRITE	{0} լյումեն			Units	Other Units	lumen	long-one-nominative	http://st.unicode.org/cldr-apps/v#/hy//33f53ff2b8b94b9f	
hy	Armenian	Armenian	modern	moderate	READ_WRITE	{0} լյումեն			Units	Other Units	lumen	long-other-nominative	http://st.unicode.org/cldr-apps/v#/hy//2fb23d0873460dc0	
hy	Armenian	Armenian	modern	modern	READ_WRITE	սթոուն			Units	Mass and Weight	stone	long-displayName	http://st.unicode.org/cldr-apps/v#/hy//4e4aef030d610d4b	
hy	Armenian	Armenian	modern	moderate	READ_WRITE	աղանդերի գդալ			Units	Volume	dessert-spoon	long-displayName	http://st.unicode.org/cldr-apps/v#/hy//2f6ae9e7e1997468	
hy	Armenian	Armenian	modern	moderate	READ_WRITE	անգլիական աղանդերի գդալ			Units	Volume	dessert-spoon-imperial	long-displayName	http://st.unicode.org/cldr-apps/v#/hy//12a11a952914ef37	
hy	Armenian	Armenian	modern	modern	READ_WRITE	ծովային սաժեն			Units	Length	fathom	short-displayName	http://st.unicode.org/cldr-apps/v#/hy//701fa97abff70dc8	
hy	Armenian	Armenian	modern	modern	READ_WRITE	{0} ֆատոմ			Units	Length	fathom	short-one-nominative	http://st.unicode.org/cldr-apps/v#/hy//76ca63ef603d7786	
hy	Armenian	Armenian	modern	modern	READ_WRITE	{0} ֆատոմ			Units	Length	fathom	short-other-nominative	http://st.unicode.org/cldr-apps/v#/hy//4fe193c3761c4ae1	
hy	Armenian	Armenian	modern	modern	READ_WRITE	bu			Units	Volume	bushel	short-displayName	http://st.unicode.org/cldr-apps/v#/hy//c42ae0a0bed9aa	
hy	Armenian	Armenian	modern	modern	READ_WRITE	{0} bu			Units	Volume	bushel	short-one-nominative	http://st.unicode.org/cldr-apps/v#/hy//2b7ba147e7da435	
hy	Armenian	Armenian	modern	modern	READ_WRITE	{0} bu			Units	Volume	bushel	short-other-nominative	http://st.unicode.org/cldr-apps/v#/hy//2690050c5fbf3eba	
hy	Armenian	Armenian	modern	modern	READ_WRITE	վերգիր {0}			Characters	Category	Pattern	superscript	http://st.unicode.org/cldr-apps/v#/hy//2db44436ac7ead04	
ig	Igbo	Latin	moderate	modern	HIDE				Supplemental	Plural	ordinal-ig	other	http://st.unicode.org/cldr-apps/v#/ig//2a8acb5517887db9	
ig	Igbo	Latin	moderate	moderate	READ_WRITE	LSL			Currencies	Southern Africa	Southern Africa: Lesotho	LSL-name	http://st.unicode.org/cldr-apps/v#/ig//73cdaa7e87cb07d1	
ig	Igbo	Latin	moderate	moderate	READ_WRITE	LSL			Currencies	Southern Africa	Southern Africa: Lesotho	LSL-name-other	http://st.unicode.org/cldr-apps/v#/ig//18e72d157fb85bce	
jv	Javanese	Latin	modern	modern	HIDE				Supplemental	Plural	ordinal-jv	other	http://st.unicode.org/cldr-apps/v#/jv//2b906e84bca1d273	
jv	Javanese	Latin	modern	core	HIDE				Special	Suppress	Casing	*	http://st.unicode.org/cldr-apps/v#/jv//60b956c5c59aabd6	
jv	Javanese	Latin	modern	core	HIDE				Miscellaneous	Linguistic Elements	Collation	standard	http://st.unicode.org/cldr-apps/v#/jv//96637b9643a58d4	
jv	Javanese	Latin	modern	modern	READ_WRITE	doi			Locale Display Names	Languages (A-D)	D	Dogri ► doi	http://st.unicode.org/cldr-apps/v#/jv//3b1808f53ad666df	
jv	Javanese	Latin	modern	moderate	READ_WRITE	LSL			Currencies	Southern Africa	Southern Africa: Lesotho	LSL-name	http://st.unicode.org/cldr-apps/v#/jv//73cdaa7e87cb07d1	
jv	Javanese	Latin	modern	moderate	READ_WRITE	LSL			Currencies	Southern Africa	Southern Africa: Lesotho	LSL-name-other	http://st.unicode.org/cldr-apps/v#/jv//18e72d157fb85bce	
ka	Georgian	Georgian	modern	moderate	READ_WRITE	LSL			Currencies	Southern Africa	Southern Africa: Lesotho	LSL-name	http://st.unicode.org/cldr-apps/v#/ka//73cdaa7e87cb07d1	
ka	Georgian	Georgian	modern	moderate	READ_WRITE	LSL			Currencies	Southern Africa	Southern Africa: Lesotho	LSL-name-one	http://st.unicode.org/cldr-apps/v#/ka//5b2f89143722a9fd	
ka	Georgian	Georgian	modern	moderate	READ_WRITE	LSL			Currencies	Southern Africa	Southern Africa: Lesotho	LSL-name-other	http://st.unicode.org/cldr-apps/v#/ka//18e72d157fb85bce	
kk	Kazakh	Cyrillic	modern	modern	READ_WRITE	doi			Locale Display Names	Languages (A-D)	D	Dogri ► doi	http://st.unicode.org/cldr-apps/v#/kk//3b1808f53ad666df	
kk	Kazakh	Cyrillic	modern	moderate	READ_WRITE	LSL			Currencies	Southern Africa	Southern Africa: Lesotho	LSL-name	http://st.unicode.org/cldr-apps/v#/kk//73cdaa7e87cb07d1	
kk	Kazakh	Cyrillic	modern	moderate	READ_WRITE	LSL			Currencies	Southern Africa	Southern Africa: Lesotho	LSL-name-one	http://st.unicode.org/cldr-apps/v#/kk//5b2f89143722a9fd	
kk	Kazakh	Cyrillic	modern	moderate	READ_WRITE	LSL			Currencies	Southern Africa	Southern Africa: Lesotho	LSL-name-other	http://st.unicode.org/cldr-apps/v#/kk//18e72d157fb85bce	
km	Khmer	Khmer	modern	moderate	HIDE				Supplemental	Transform	und-Khmr→und-Latn	?	http://st.unicode.org/cldr-apps/v#/km//31f0db5c39daffe1	
km	Khmer	Khmer	modern	modern	READ_WRITE	doi			Locale Display Names	Languages (A-D)	D	Dogri ► doi	http://st.unicode.org/cldr-apps/v#/km//3b1808f53ad666df	
km	Khmer	Khmer	modern	moderate	READ_WRITE	LSL			Currencies	Southern Africa	Southern Africa: Lesotho	LSL-name	http://st.unicode.org/cldr-apps/v#/km//73cdaa7e87cb07d1	
km	Khmer	Khmer	modern	moderate	READ_WRITE	LSL			Currencies	Southern Africa	Southern Africa: Lesotho	LSL-name-other	http://st.unicode.org/cldr-apps/v#/km//18e72d157fb85bce	
kn	Kannada	Kannada	modern	modern	READ_WRITE	ಸಮನಲ್ಲ			Characters	Symbols2	math	≠ –keywords	http://st.unicode.org/cldr-apps/v#/kn//39bffc099d4860ad	
kn	Kannada	Kannada	modern	modern	READ_WRITE	ಸಮನಲ್ಲ			Characters	Symbols2	math	≠ -name	http://st.unicode.org/cldr-apps/v#/kn//72d44e0bc234a944	
kn	Kannada	Kannada	modern	modern	READ_WRITE	ಅಲೆ			Characters	Symbols2	math	~ –keywords	http://st.unicode.org/cldr-apps/v#/kn//28068606aad81296	
kn	Kannada	Kannada	modern	modern	READ_WRITE	ಅಲೆ			Characters	Symbols2	math	~ -name	http://st.unicode.org/cldr-apps/v#/kn//3fc7c94b8519101b	
kok	Konkani	Devanagari	basic	core	HIDE				Supplemental	Plural	cardinal-kok	other	http://st.unicode.org/cldr-apps/v#/kok//78a4b196708acf88	
kok	Konkani	Devanagari	basic	modern	HIDE				Supplemental	Plural	ordinal-kok	other	http://st.unicode.org/cldr-apps/v#/kok//217655b874981fcb	
ky	Kyrgyz	Cyrillic	modern	modern	READ_WRITE	doi			Locale Display Names	Languages (A-D)	D	Dogri ► doi	http://st.unicode.org/cldr-apps/v#/ky//3b1808f53ad666df	
ky	Kyrgyz	Cyrillic	modern	moderate	READ_WRITE	LSL			Currencies	Southern Africa	Southern Africa: Lesotho	LSL-name	http://st.unicode.org/cldr-apps/v#/ky//73cdaa7e87cb07d1	
ky	Kyrgyz	Cyrillic	modern	moderate	READ_WRITE	LSL			Currencies	Southern Africa	Southern Africa: Lesotho	LSL-name-one	http://st.unicode.org/cldr-apps/v#/ky//5b2f89143722a9fd	
ky	Kyrgyz	Cyrillic	modern	moderate	READ_WRITE	LSL			Currencies	Southern Africa	Southern Africa: Lesotho	LSL-name-other	http://st.unicode.org/cldr-apps/v#/ky//18e72d157fb85bce	
ky	Kyrgyz	Cyrillic	modern	modern	READ_WRITE	& (жана) белгиси			Characters	Symbols2	punctuation	& –keywords	http://st.unicode.org/cldr-apps/v#/ky//a3f6b2430ed1abe	
ky	Kyrgyz	Cyrillic	modern	modern	READ_WRITE	& (жана) белгиси			Characters	Symbols2	punctuation	& -name	http://st.unicode.org/cldr-apps/v#/ky//f9fe8d65be2c1ae	
ky	Kyrgyz	Cyrillic	modern	modern	READ_WRITE	"¬" белги			Characters	Symbols2	math	¬ –keywords	http://st.unicode.org/cldr-apps/v#/ky//32d45997c2e00d29	
ky	Kyrgyz	Cyrillic	modern	modern	READ_WRITE	"¬" белги			Characters	Symbols2	math	¬ -name	http://st.unicode.org/cldr-apps/v#/ky//282d884a1c6d84eb	
lo	Lao	Lao	modern	moderate	HIDE				Supplemental	Transform	und-Laoo→und-Latn	?	http://st.unicode.org/cldr-apps/v#/lo//2460351bcb5415f3	
lo	Lao	Lao	modern	moderate	READ_WRITE	yobe{0}			Units	Compound Units	1024p8	long	http://st.unicode.org/cldr-apps/v#/lo//7d2d7612f419fde5	
lo	Lao	Lao	modern	modern	READ_WRITE	ຍໍ່ໜ້າ | ວັກ | ໝາຍວັກ			Characters	Symbols2	punctuation	¶ –keywords	http://st.unicode.org/cldr-apps/v#/lo//1e25b6748e2b6119	
mai	Maithili	Devanagari	basic	core	HIDE				Supplemental	Plural	cardinal-mai	other	http://st.unicode.org/cldr-apps/v#/mai//246e0ab026de22b5	
mai	Maithili	Devanagari	basic	modern	HIDE				Supplemental	Plural	ordinal-mai	other	http://st.unicode.org/cldr-apps/v#/mai//704ee372a94b6440	
mai	Maithili	Devanagari	basic	core	HIDE				Miscellaneous	Linguistic Elements	Collation	standard	http://st.unicode.org/cldr-apps/v#/mai//96637b9643a58d4	
ml	Malayalam	Malayalam	modern	modern	READ_WRITE	ചോദ്യം			Characters	Symbols2	punctuation	¿ –keywords	http://st.unicode.org/cldr-apps/v#/ml//5d9533805751ee12	
ml	Malayalam	Malayalam	modern	modern	READ_WRITE	ചോദ്യം			Characters	Symbols2	punctuation	¿ -name	http://st.unicode.org/cldr-apps/v#/ml//177210c504e82344	
ml	Malayalam	Malayalam	modern	modern	READ_WRITE	ടോർട്ടോയിസ് ഷെൽ ബ്രാക്കറ്റ്			Characters	Symbols2	punctuation	〕 –keywords	http://st.unicode.org/cldr-apps/v#/ml//5e90f6e3fbb67c42	
ml	Malayalam	Malayalam	modern	modern	READ_WRITE	ടോർട്ടോയിസ് ഷെൽ ബ്രാക്കറ്റ്			Characters	Symbols2	punctuation	〕 -name	http://st.unicode.org/cldr-apps/v#/ml//26cf7c746e982f38	
mn	Mongolian	Cyrillic	modern	modern	READ_WRITE	doi			Locale Display Names	Languages (A-D)	D	Dogri ► doi	http://st.unicode.org/cldr-apps/v#/mn//3b1808f53ad666df	
mn	Mongolian	Cyrillic	modern	moderate	READ_WRITE	LSL			Currencies	Southern Africa	Southern Africa: Lesotho	LSL-name	http://st.unicode.org/cldr-apps/v#/mn//73cdaa7e87cb07d1	
mn	Mongolian	Cyrillic	modern	moderate	READ_WRITE	LSL			Currencies	Southern Africa	Southern Africa: Lesotho	LSL-name-one	http://st.unicode.org/cldr-apps/v#/mn//5b2f89143722a9fd	
mn	Mongolian	Cyrillic	modern	moderate	READ_WRITE	LSL			Currencies	Southern Africa	Southern Africa: Lesotho	LSL-name-other	http://st.unicode.org/cldr-apps/v#/mn//18e72d157fb85bce	
mn	Mongolian	Cyrillic	modern	modern	READ_WRITE	bu			Units	Volume	bushel	long-displayName	http://st.unicode.org/cldr-apps/v#/mn//7a6345374de647dd	
mn	Mongolian	Cyrillic	modern	modern	READ_WRITE	{0} bu			Units	Volume	bushel	long-one-nominative	http://st.unicode.org/cldr-apps/v#/mn//1c5a58ff38b3fb6	
mn	Mongolian	Cyrillic	modern	modern	READ_WRITE	{0} bu			Units	Volume	bushel	long-other-nominative	http://st.unicode.org/cldr-apps/v#/mn//3bb61466cb622e5c	
mn	Mongolian	Cyrillic	modern	moderate	READ_WRITE	cd			Units	Other Units	candela	short-displayName	http://st.unicode.org/cldr-apps/v#/mn//50557c8b63f76aae	
mn	Mongolian	Cyrillic	modern	moderate	READ_WRITE	{0} cd			Units	Other Units	candela	short-one-nominative	http://st.unicode.org/cldr-apps/v#/mn//51bff6d70a7378cf	
mn	Mongolian	Cyrillic	modern	moderate	READ_WRITE	{0} cd			Units	Other Units	candela	short-other-nominative	http://st.unicode.org/cldr-apps/v#/mn//40cc61042884ca77	
mn	Mongolian	Cyrillic	modern	moderate	READ_WRITE	lm			Units	Other Units	lumen	short-displayName	http://st.unicode.org/cldr-apps/v#/mn//5c20b5f04613155e	
mn	Mongolian	Cyrillic	modern	moderate	READ_WRITE	{0} lm			Units	Other Units	lumen	short-one-nominative	http://st.unicode.org/cldr-apps/v#/mn//21db1c810033192b	
mn	Mongolian	Cyrillic	modern	moderate	READ_WRITE	{0} lm			Units	Other Units	lumen	short-other-nominative	http://st.unicode.org/cldr-apps/v#/mn//3d2a5c56006dbe21	
mn	Mongolian	Cyrillic	modern	modern	READ_WRITE	bu			Units	Volume	bushel	short-displayName	http://st.unicode.org/cldr-apps/v#/mn//c42ae0a0bed9aa	
mn	Mongolian	Cyrillic	modern	modern	READ_WRITE	{0} bu			Units	Volume	bushel	short-one-nominative	http://st.unicode.org/cldr-apps/v#/mn//2b7ba147e7da435	
mn	Mongolian	Cyrillic	modern	modern	READ_WRITE	{0} bu			Units	Volume	bushel	short-other-nominative	http://st.unicode.org/cldr-apps/v#/mn//2690050c5fbf3eba	
mni	Manipuri	Bangla	basic	core	HIDE				Supplemental	Plural	cardinal-mni	other	http://st.unicode.org/cldr-apps/v#/mni//757abe4c580a122c	
mni	Manipuri	Bangla	basic	modern	HIDE				Supplemental	Plural	ordinal-mni	other	http://st.unicode.org/cldr-apps/v#/mni//32b3fb0cd1475612	
mni	Manipuri	Bangla	basic	core	HIDE				Miscellaneous	Linguistic Elements	Collation	standard	http://st.unicode.org/cldr-apps/v#/mni//96637b9643a58d4	
my	Burmese	Myanmar	modern	modern	READ_WRITE	doi			Locale Display Names	Languages (A-D)	D	Dogri ► doi	http://st.unicode.org/cldr-apps/v#/my//3b1808f53ad666df	
my	Burmese	Myanmar	modern	moderate	READ_WRITE	LSL			Currencies	Southern Africa	Southern Africa: Lesotho	LSL-name	http://st.unicode.org/cldr-apps/v#/my//73cdaa7e87cb07d1	
my	Burmese	Myanmar	modern	moderate	READ_WRITE	LSL			Currencies	Southern Africa	Southern Africa: Lesotho	LSL-name-other	http://st.unicode.org/cldr-apps/v#/my//18e72d157fb85bce	
ne	Nepali	Devanagari	modern	moderate	READ_WRITE	LSL			Currencies	Southern Africa	Southern Africa: Lesotho	LSL-name	http://st.unicode.org/cldr-apps/v#/ne//73cdaa7e87cb07d1	
ne	Nepali	Devanagari	modern	moderate	READ_WRITE	LSL			Currencies	Southern Africa	Southern Africa: Lesotho	LSL-name-one	http://st.unicode.org/cldr-apps/v#/ne//5b2f89143722a9fd	
ne	Nepali	Devanagari	modern	moderate	READ_WRITE	LSL			Currencies	Southern Africa	Southern Africa: Lesotho	LSL-name-other	http://st.unicode.org/cldr-apps/v#/ne//18e72d157fb85bce	
nn	Norwegian Nynorsk	Latin	moderate	modern	HIDE				Supplemental	Plural	ordinal-nn	other	http://st.unicode.org/cldr-apps/v#/nn//cbcf1d9b1bb08cf	
or	Odia	Odia	modern	moderate	READ_WRITE	LSL			Currencies	Southern Africa	Southern Africa: Lesotho	LSL-name	http://st.unicode.org/cldr-apps/v#/or//73cdaa7e87cb07d1	
or	Odia	Odia	modern	moderate	READ_WRITE	LSL			Currencies	Southern Africa	Southern Africa: Lesotho	LSL-name-one	http://st.unicode.org/cldr-apps/v#/or//5b2f89143722a9fd	
or	Odia	Odia	modern	moderate	READ_WRITE	LSL			Currencies	Southern Africa	Southern Africa: Lesotho	LSL-name-other	http://st.unicode.org/cldr-apps/v#/or//18e72d157fb85bce	
or	Odia	Odia	modern	modern	READ_WRITE	st			Units	Mass and Weight	stone	long-displayName	http://st.unicode.org/cldr-apps/v#/or//4e4aef030d610d4b	
or	Odia	Odia	modern	moderate	READ_WRITE	grain			Units	Mass and Weight	grain	long-displayName	http://st.unicode.org/cldr-apps/v#/or//4bf6acc3a27dd9ed	
or	Odia	Odia	modern	moderate	READ_WRITE	{0} grain			Units	Mass and Weight	grain	long-one-nominative	http://st.unicode.org/cldr-apps/v#/or//2588076e21d3136f	
or	Odia	Odia	modern	moderate	READ_WRITE	{0} grain			Units	Mass and Weight	grain	long-other-nominative	http://st.unicode.org/cldr-apps/v#/or//2d9c7429782e640a	
or	Odia	Odia	modern	modern	READ_WRITE	bu			Units	Volume	bushel	long-displayName	http://st.unicode.org/cldr-apps/v#/or//7a6345374de647dd	
or	Odia	Odia	modern	modern	READ_WRITE	{0} bu			Units	Volume	bushel	long-one-nominative	http://st.unicode.org/cldr-apps/v#/or//1c5a58ff38b3fb6	
or	Odia	Odia	modern	modern	READ_WRITE	{0} bu			Units	Volume	bushel	long-other-nominative	http://st.unicode.org/cldr-apps/v#/or//3bb61466cb622e5c	
or	Odia	Odia	modern	modern	READ_WRITE	st			Units	Mass and Weight	stone	short-displayName	http://st.unicode.org/cldr-apps/v#/or//78e9ef06b5dc52f6	
or	Odia	Odia	modern	moderate	READ_WRITE	grain			Units	Mass and Weight	grain	short-displayName	http://st.unicode.org/cldr-apps/v#/or//53c8472b77dd2885	
or	Odia	Odia	modern	moderate	READ_WRITE	{0} grain			Units	Mass and Weight	grain	short-one-nominative	http://st.unicode.org/cldr-apps/v#/or//23f6ae321908bb50	
or	Odia	Odia	modern	moderate	READ_WRITE	{0} grain			Units	Mass and Weight	grain	short-other-nominative	http://st.unicode.org/cldr-apps/v#/or//2e3f3c11083337b8	
or	Odia	Odia	modern	modern	READ_WRITE	bu			Units	Volume	bushel	short-displayName	http://st.unicode.org/cldr-apps/v#/or//c42ae0a0bed9aa	
or	Odia	Odia	modern	modern	READ_WRITE	{0} bu			Units	Volume	bushel	short-one-nominative	http://st.unicode.org/cldr-apps/v#/or//2b7ba147e7da435	
or	Odia	Odia	modern	modern	READ_WRITE	{0} bu			Units	Volume	bushel	short-other-nominative	http://st.unicode.org/cldr-apps/v#/or//2690050c5fbf3eba	
or	Odia	Odia	modern	modern	READ_WRITE	subscript {0}			Characters	Category	Pattern	subscript	http://st.unicode.org/cldr-apps/v#/or//5b1c1834cd3a1f7b	
or	Odia	Odia	modern	modern	READ_WRITE	superscript {0}			Characters	Category	Pattern	superscript	http://st.unicode.org/cldr-apps/v#/or//2db44436ac7ead04	
or	Odia	Odia	modern	modern	READ_WRITE	E13.1-198			Characters	Symbols2	math	< –keywords	http://st.unicode.org/cldr-apps/v#/or//4f7af72bfde0ba2e	
or	Odia	Odia	modern	modern	READ_WRITE	E13.1-198			Characters	Symbols2	math	< -name	http://st.unicode.org/cldr-apps/v#/or//8141c6e15d4b6c3	
or	Odia	Odia	modern	modern	READ_WRITE	E13.1-194			Characters	Symbols2	math	= –keywords	http://st.unicode.org/cldr-apps/v#/or//2f78ace89a88ebc3	
or	Odia	Odia	modern	modern	READ_WRITE	E13.1-194			Characters	Symbols2	math	= -name	http://st.unicode.org/cldr-apps/v#/or//1eb9755f09ed7069	
or	Odia	Odia	modern	modern	READ_WRITE	E13.1-196			Characters	Symbols2	math	≠ –keywords	http://st.unicode.org/cldr-apps/v#/or//39bffc099d4860ad	
or	Odia	Odia	modern	modern	READ_WRITE	E13.1-196			Characters	Symbols2	math	≠ -name	http://st.unicode.org/cldr-apps/v#/or//72d44e0bc234a944	
or	Odia	Odia	modern	modern	READ_WRITE	E13.1-197			Characters	Symbols2	math	> –keywords	http://st.unicode.org/cldr-apps/v#/or//2fcdfb0a26f92b56	
or	Odia	Odia	modern	modern	READ_WRITE	E13.1-197			Characters	Symbols2	math	> -name	http://st.unicode.org/cldr-apps/v#/or//464bc768d3133fe5	
or	Odia	Odia	modern	modern	READ_WRITE	E13.1-201			Characters	Symbols2	math	¬ -name	http://st.unicode.org/cldr-apps/v#/or//282d884a1c6d84eb	
or	Odia	Odia	modern	modern	READ_WRITE	E13.1-195			Characters	Symbols2	math	≈ –keywords	http://st.unicode.org/cldr-apps/v#/or//2895ee12153929be	
or	Odia	Odia	modern	modern	READ_WRITE	E13.1-195			Characters	Symbols2	math	≈ -name	http://st.unicode.org/cldr-apps/v#/or//62e69aa51df15e02	
or	Odia	Odia	modern	modern	READ_WRITE	E13.1-199			Characters	Symbols2	math	≤ –keywords	http://st.unicode.org/cldr-apps/v#/or//79b9bb4d13ba42ad	
or	Odia	Odia	modern	modern	READ_WRITE	E13.1-199			Characters	Symbols2	math	≤ -name	http://st.unicode.org/cldr-apps/v#/or//297041a81c818e93	
or	Odia	Odia	modern	modern	READ_WRITE	E13.1-200			Characters	Symbols2	math	≥ –keywords	http://st.unicode.org/cldr-apps/v#/or//3b42c0c8386c01fd	
or	Odia	Odia	modern	modern	READ_WRITE	E13.1-200			Characters	Symbols2	math	≥ -name	http://st.unicode.org/cldr-apps/v#/or//7c95d7975dec07f8	
pa	Punjabi	Gurmukhi	modern	modern	READ_WRITE	doi			Locale Display Names	Languages (A-D)	D	Dogri ► doi	http://st.unicode.org/cldr-apps/v#/pa//3b1808f53ad666df	
pa	Punjabi	Gurmukhi	modern	moderate	READ_WRITE	LSL			Currencies	Southern Africa	Southern Africa: Lesotho	LSL-name	http://st.unicode.org/cldr-apps/v#/pa//73cdaa7e87cb07d1	
pa	Punjabi	Gurmukhi	modern	moderate	READ_WRITE	LSL			Currencies	Southern Africa	Southern Africa: Lesotho	LSL-name-one	http://st.unicode.org/cldr-apps/v#/pa//5b2f89143722a9fd	
pa	Punjabi	Gurmukhi	modern	moderate	READ_WRITE	LSL			Currencies	Southern Africa	Southern Africa: Lesotho	LSL-name-other	http://st.unicode.org/cldr-apps/v#/pa//18e72d157fb85bce	
pcm	Nigerian Pidgin	Latin	basic	modern	HIDE				Supplemental	Plural	ordinal-pcm	other	http://st.unicode.org/cldr-apps/v#/pcm//7a44437ac32bd199	
pcm	Nigerian Pidgin	Latin	basic	core	HIDE				Special	Suppress	Casing	*	http://st.unicode.org/cldr-apps/v#/pcm//60b956c5c59aabd6	
pcm	Nigerian Pidgin	Latin	basic	core	HIDE				Miscellaneous	Linguistic Elements	Collation	standard	http://st.unicode.org/cldr-apps/v#/pcm//96637b9643a58d4	
ps	Pashto	Arabic	modern	core	HIDE				Special	Alphabetic Information	Layout	characterOrder	http://st.unicode.org/cldr-apps/v#/ps//7972e33a5e623d65	
ps	Pashto	Arabic	modern	modern	READ_WRITE	doi			Locale Display Names	Languages (A-D)	D	Dogri ► doi	http://st.unicode.org/cldr-apps/v#/ps//3b1808f53ad666df	
ps	Pashto	Arabic	modern	moderate	READ_WRITE	LSL			Currencies	Southern Africa	Southern Africa: Lesotho	LSL-name	http://st.unicode.org/cldr-apps/v#/ps//73cdaa7e87cb07d1	
ps	Pashto	Arabic	modern	moderate	READ_WRITE	LSL			Currencies	Southern Africa	Southern Africa: Lesotho	LSL-name-one	http://st.unicode.org/cldr-apps/v#/ps//5b2f89143722a9fd	
ps	Pashto	Arabic	modern	moderate	READ_WRITE	LSL			Currencies	Southern Africa	Southern Africa: Lesotho	LSL-name-other	http://st.unicode.org/cldr-apps/v#/ps//18e72d157fb85bce	
ps	Pashto	Arabic	modern	modern	READ_WRITE	E13.1-110			Characters	Symbols2	punctuation	, -name	http://st.unicode.org/cldr-apps/v#/ps//4612db05110c60cd	
ps	Pashto	Arabic	modern	modern	READ_WRITE	E13.1-111			Characters	Symbols2	punctuation	、 -name	http://st.unicode.org/cldr-apps/v#/ps//38898a05e689202	
sa	Sanskrit	Devanagari	basic	core	HIDE				Supplemental	Plural	cardinal-sa	other	http://st.unicode.org/cldr-apps/v#/sa//18a4448c295393b3	
sa	Sanskrit	Devanagari	basic	modern	HIDE				Supplemental	Plural	ordinal-sa	other	http://st.unicode.org/cldr-apps/v#/sa//2adb0d9d68f28b65	
sat	Santali	Ol Chiki	basic	modern	HIDE				Supplemental	Plural	ordinal-sat	other	http://st.unicode.org/cldr-apps/v#/sat//1f1a6090594b2512	
sat	Santali	Ol Chiki	basic	moderate	HIDE				Supplemental	Transform	und-Olck→und-Latn	?	http://st.unicode.org/cldr-apps/v#/sat//7bf3b965702535a4	
sat	Santali	Ol Chiki	basic	core	HIDE				Miscellaneous	Linguistic Elements	Collation	standard	http://st.unicode.org/cldr-apps/v#/sat//96637b9643a58d4	
sd	Sindhi	Arabic	modern	core	HIDE				Special	Alphabetic Information	Layout	characterOrder	http://st.unicode.org/cldr-apps/v#/sd//7972e33a5e623d65	
sd	Sindhi	Arabic	modern	core	HIDE				Miscellaneous	Linguistic Elements	Collation	standard	http://st.unicode.org/cldr-apps/v#/sd//96637b9643a58d4	
sd	Sindhi	Arabic	modern	modern	READ_WRITE	doi			Locale Display Names	Languages (A-D)	D	Dogri ► doi	http://st.unicode.org/cldr-apps/v#/sd//3b1808f53ad666df	
sd	Sindhi	Arabic	modern	moderate	READ_WRITE	LSL			Currencies	Southern Africa	Southern Africa: Lesotho	LSL-name	http://st.unicode.org/cldr-apps/v#/sd//73cdaa7e87cb07d1	
sd	Sindhi	Arabic	modern	moderate	READ_WRITE	LSL			Currencies	Southern Africa	Southern Africa: Lesotho	LSL-name-one	http://st.unicode.org/cldr-apps/v#/sd//5b2f89143722a9fd	
sd	Sindhi	Arabic	modern	moderate	READ_WRITE	LSL			Currencies	Southern Africa	Southern Africa: Lesotho	LSL-name-other	http://st.unicode.org/cldr-apps/v#/sd//18e72d157fb85bce	
sd	Sindhi	Arabic	modern	moderate	READ_WRITE	ڪنڊيلا			Units	Other Units	candela	long-displayName	http://st.unicode.org/cldr-apps/v#/sd//4404a8307d384b9a	
sd	Sindhi	Arabic	modern	moderate	READ_WRITE	{0} ڪنڊيلا			Units	Other Units	candela	long-one-nominative	http://st.unicode.org/cldr-apps/v#/sd//282e6c43861fb729	
sd	Sindhi	Arabic	modern	moderate	READ_WRITE	{0} ڪنڊيلا			Units	Other Units	candela	long-other-nominative	http://st.unicode.org/cldr-apps/v#/sd//7f513a30275a8a	
sd_Deva	Sindhi (Devanagari)	Devanagari	basic	core	HIDE				Miscellaneous	Linguistic Elements	Collation	standard	http://st.unicode.org/cldr-apps/v#/sd_Deva//96637b9643a58d4	
si	Sinhala	Sinhala	modern	moderate	HIDE				Supplemental	Transform	und-Sinh→und-Latn	?	http://st.unicode.org/cldr-apps/v#/si//a74f07c485fe08b	
si	Sinhala	Sinhala	modern	modern	READ_WRITE	doi			Locale Display Names	Languages (A-D)	D	Dogri ► doi	http://st.unicode.org/cldr-apps/v#/si//3b1808f53ad666df	
si	Sinhala	Sinhala	modern	moderate	READ_WRITE	LSL			Currencies	Southern Africa	Southern Africa: Lesotho	LSL-name	http://st.unicode.org/cldr-apps/v#/si//73cdaa7e87cb07d1	
si	Sinhala	Sinhala	modern	moderate	READ_WRITE	LSL			Currencies	Southern Africa	Southern Africa: Lesotho	LSL-name-one	http://st.unicode.org/cldr-apps/v#/si//5b2f89143722a9fd	
si	Sinhala	Sinhala	modern	moderate	READ_WRITE	LSL			Currencies	Southern Africa	Southern Africa: Lesotho	LSL-name-other	http://st.unicode.org/cldr-apps/v#/si//18e72d157fb85bce	
so	Somali	Latin	modern	modern	HIDE				Supplemental	Plural	ordinal-so	other	http://st.unicode.org/cldr-apps/v#/so//aa5597ee5c9b7c9	
so	Somali	Latin	modern	core	HIDE				Miscellaneous	Linguistic Elements	Collation	standard	http://st.unicode.org/cldr-apps/v#/so//96637b9643a58d4	
so	Somali	Latin	modern	modern	READ_WRITE	doi			Locale Display Names	Languages (A-D)	D	Dogri ► doi	http://st.unicode.org/cldr-apps/v#/so//3b1808f53ad666df	
so	Somali	Latin	modern	moderate	READ_WRITE	LSL			Currencies	Southern Africa	Southern Africa: Lesotho	LSL-name	http://st.unicode.org/cldr-apps/v#/so//73cdaa7e87cb07d1	
so	Somali	Latin	modern	moderate	READ_WRITE	LSL			Currencies	Southern Africa	Southern Africa: Lesotho	LSL-name-one	http://st.unicode.org/cldr-apps/v#/so//5b2f89143722a9fd	
so	Somali	Latin	modern	moderate	READ_WRITE	LSL			Currencies	Southern Africa	Southern Africa: Lesotho	LSL-name-other	http://st.unicode.org/cldr-apps/v#/so//18e72d157fb85bce	
so	Somali	Latin	modern	modern	READ_WRITE	E13.1-151			Characters	Symbols2	punctuation	{ –keywords	http://st.unicode.org/cldr-apps/v#/so//6c2bdce495fe72c4	
so	Somali	Latin	modern	modern	READ_WRITE	E13.1-151			Characters	Symbols2	punctuation	{ -name	http://st.unicode.org/cldr-apps/v#/so//59abfcd56db82288	
so	Somali	Latin	modern	modern	READ_WRITE	E13.1-108			Characters	Symbols2	punctuation	・ –keywords	http://st.unicode.org/cldr-apps/v#/so//291902edcaf1eeb3	
so	Somali	Latin	modern	modern	READ_WRITE	E13.1-108			Characters	Symbols2	punctuation	・ -name	http://st.unicode.org/cldr-apps/v#/so//4ca4a489aba58113	
so	Somali	Latin	modern	modern	READ_WRITE	E13.1-111			Characters	Symbols2	punctuation	、 –keywords	http://st.unicode.org/cldr-apps/v#/so//d0c9fe378ffaecc	
so	Somali	Latin	modern	modern	READ_WRITE	E13.1-111			Characters	Symbols2	punctuation	、 -name	http://st.unicode.org/cldr-apps/v#/so//38898a05e689202	
so	Somali	Latin	modern	modern	READ_WRITE	E13.1-105			Characters	Symbols2	punctuation	… –keywords	http://st.unicode.org/cldr-apps/v#/so//f155df10dcb5ac0	
so	Somali	Latin	modern	modern	READ_WRITE	E13.1-105			Characters	Symbols2	punctuation	… -name	http://st.unicode.org/cldr-apps/v#/so//442fc1c6aaa6fab1	
so	Somali	Latin	modern	modern	READ_WRITE	E13.1-106			Characters	Symbols2	punctuation	。 –keywords	http://st.unicode.org/cldr-apps/v#/so//d96cdcfc65ae111	
so	Somali	Latin	modern	modern	READ_WRITE	E13.1-106			Characters	Symbols2	punctuation	。 -name	http://st.unicode.org/cldr-apps/v#/so//3dc74f54f659926c	
so	Somali	Latin	modern	modern	READ_WRITE	E13.1-144			Characters	Symbols2	punctuation	' –keywords	http://st.unicode.org/cldr-apps/v#/so//3f3594d9e7d854fe	
so	Somali	Latin	modern	modern	READ_WRITE	E13.1-144			Characters	Symbols2	punctuation	' -name	http://st.unicode.org/cldr-apps/v#/so//6a57dfb2aec2808a	
so	Somali	Latin	modern	modern	READ_WRITE	E13.1-141			Characters	Symbols2	punctuation	‘ –keywords	http://st.unicode.org/cldr-apps/v#/so//1c0bd5495560e0ff	
so	Somali	Latin	modern	modern	READ_WRITE	E13.1-141			Characters	Symbols2	punctuation	‘ -name	http://st.unicode.org/cldr-apps/v#/so//5a6fe8f517fa260e	
so	Somali	Latin	modern	modern	READ_WRITE	E13.1-142			Characters	Symbols2	punctuation	’ –keywords	http://st.unicode.org/cldr-apps/v#/so//5c539b525f6d5316	
so	Somali	Latin	modern	modern	READ_WRITE	E13.1-142			Characters	Symbols2	punctuation	’ -name	http://st.unicode.org/cldr-apps/v#/so//13637bc01387d97d	
so	Somali	Latin	modern	modern	READ_WRITE	E13.1-143			Characters	Symbols2	punctuation	‚ –keywords	http://st.unicode.org/cldr-apps/v#/so//6ac32e59c730a039	
so	Somali	Latin	modern	modern	READ_WRITE	E13.1-143			Characters	Symbols2	punctuation	‚ -name	http://st.unicode.org/cldr-apps/v#/so//6cd8384474f1f6dc	
so	Somali	Latin	modern	modern	READ_WRITE	E13.1-145			Characters	Symbols2	punctuation	“ –keywords	http://st.unicode.org/cldr-apps/v#/so//9d9057ec149d553	
so	Somali	Latin	modern	modern	READ_WRITE	E13.1-145			Characters	Symbols2	punctuation	“ -name	http://st.unicode.org/cldr-apps/v#/so//53e9fd87bcddbea7	
so	Somali	Latin	modern	modern	READ_WRITE	E13.1-146			Characters	Symbols2	punctuation	” –keywords	http://st.unicode.org/cldr-apps/v#/so//70ff80cbec61960	
so	Somali	Latin	modern	modern	READ_WRITE	E13.1-146			Characters	Symbols2	punctuation	” -name	http://st.unicode.org/cldr-apps/v#/so//f3084ce10246f7d	
so	Somali	Latin	modern	modern	READ_WRITE	E13.1-147			Characters	Symbols2	punctuation	„ –keywords	http://st.unicode.org/cldr-apps/v#/so//3f2c7008b8c08369	
so	Somali	Latin	modern	modern	READ_WRITE	E13.1-147			Characters	Symbols2	punctuation	„ -name	http://st.unicode.org/cldr-apps/v#/so//771ddaebad829095	
so	Somali	Latin	modern	modern	READ_WRITE	E13.1-148			Characters	Symbols2	punctuation	) –keywords	http://st.unicode.org/cldr-apps/v#/so//3121b940455a142d	
so	Somali	Latin	modern	modern	READ_WRITE	E13.1-148			Characters	Symbols2	punctuation	) -name	http://st.unicode.org/cldr-apps/v#/so//6e67553bfbb323f5	
so	Somali	Latin	modern	modern	READ_WRITE	E13.1-149			Characters	Symbols2	punctuation	[ –keywords	http://st.unicode.org/cldr-apps/v#/so//76ef6a62dcd53618	
so	Somali	Latin	modern	modern	READ_WRITE	E13.1-149			Characters	Symbols2	punctuation	[ -name	http://st.unicode.org/cldr-apps/v#/so//448ca56c2b4a1a90	
so	Somali	Latin	modern	modern	READ_WRITE	E13.1-150			Characters	Symbols2	punctuation	] –keywords	http://st.unicode.org/cldr-apps/v#/so//4ce748fa2c953fd1	
so	Somali	Latin	modern	modern	READ_WRITE	E13.1-150			Characters	Symbols2	punctuation	] -name	http://st.unicode.org/cldr-apps/v#/so//5db5f8e48f00efcc	
so	Somali	Latin	modern	modern	READ_WRITE	E13.1-152			Characters	Symbols2	punctuation	} –keywords	http://st.unicode.org/cldr-apps/v#/so//50d9e739b76a5f9c	
so	Somali	Latin	modern	modern	READ_WRITE	E13.1-152			Characters	Symbols2	punctuation	} -name	http://st.unicode.org/cldr-apps/v#/so//c54da4d9b814ca5	
so	Somali	Latin	modern	modern	READ_WRITE	E13.1-155			Characters	Symbols2	punctuation	〈 –keywords	http://st.unicode.org/cldr-apps/v#/so//16ab93b70493926a	
so	Somali	Latin	modern	modern	READ_WRITE	E13.1-155			Characters	Symbols2	punctuation	〈 -name	http://st.unicode.org/cldr-apps/v#/so//189136bd501e2f89	
so	Somali	Latin	modern	modern	READ_WRITE	E13.1-156			Characters	Symbols2	punctuation	〉 –keywords	http://st.unicode.org/cldr-apps/v#/so//7edd5072d2729f25	
so	Somali	Latin	modern	modern	READ_WRITE	E13.1-156			Characters	Symbols2	punctuation	〉 -name	http://st.unicode.org/cldr-apps/v#/so//7d6996efbac2c21c	
so	Somali	Latin	modern	modern	READ_WRITE	E13.1-157			Characters	Symbols2	punctuation	《 –keywords	http://st.unicode.org/cldr-apps/v#/so//55b4d37e4f98163b	
so	Somali	Latin	modern	modern	READ_WRITE	E13.1-157			Characters	Symbols2	punctuation	《 -name	http://st.unicode.org/cldr-apps/v#/so//2db40fd307e629ce	
so	Somali	Latin	modern	modern	READ_WRITE	E13.1-158			Characters	Symbols2	punctuation	》 –keywords	http://st.unicode.org/cldr-apps/v#/so//65b6bb97d664c18b	
so	Somali	Latin	modern	modern	READ_WRITE	E13.1-158			Characters	Symbols2	punctuation	》 -name	http://st.unicode.org/cldr-apps/v#/so//3fd53b9663e2fb67	
so	Somali	Latin	modern	modern	READ_WRITE	E13.1-159			Characters	Symbols2	punctuation	「 –keywords	http://st.unicode.org/cldr-apps/v#/so//26eda4eeb21cc8be	
so	Somali	Latin	modern	modern	READ_WRITE	E13.1-159			Characters	Symbols2	punctuation	「 -name	http://st.unicode.org/cldr-apps/v#/so//784b682a277ea89d	
so	Somali	Latin	modern	modern	READ_WRITE	E13.1-160			Characters	Symbols2	punctuation	」 –keywords	http://st.unicode.org/cldr-apps/v#/so//2bc6e409c9cbfe76	
so	Somali	Latin	modern	modern	READ_WRITE	E13.1-160			Characters	Symbols2	punctuation	」 -name	http://st.unicode.org/cldr-apps/v#/so//4b1dac8b6bd5258	
so	Somali	Latin	modern	modern	READ_WRITE	E13.1-161			Characters	Symbols2	punctuation	『 –keywords	http://st.unicode.org/cldr-apps/v#/so//3568d2047db13635	
so	Somali	Latin	modern	modern	READ_WRITE	E13.1-161			Characters	Symbols2	punctuation	『 -name	http://st.unicode.org/cldr-apps/v#/so//13d90bef3884140a	
so	Somali	Latin	modern	modern	READ_WRITE	E13.1-162			Characters	Symbols2	punctuation	』 –keywords	http://st.unicode.org/cldr-apps/v#/so//5150a98fb32b4cb6	
so	Somali	Latin	modern	modern	READ_WRITE	E13.1-162			Characters	Symbols2	punctuation	』 -name	http://st.unicode.org/cldr-apps/v#/so//5d8313bb444c6ca8	
so	Somali	Latin	modern	modern	READ_WRITE	E13.1-165			Characters	Symbols2	punctuation	【 –keywords	http://st.unicode.org/cldr-apps/v#/so//5a92888a260fecd8	
so	Somali	Latin	modern	modern	READ_WRITE	E13.1-165			Characters	Symbols2	punctuation	【 -name	http://st.unicode.org/cldr-apps/v#/so//191c3ec65e4365bc	
so	Somali	Latin	modern	modern	READ_WRITE	E13.1-166			Characters	Symbols2	punctuation	】 –keywords	http://st.unicode.org/cldr-apps/v#/so//3359ee600affda80	
so	Somali	Latin	modern	modern	READ_WRITE	E13.1-166			Characters	Symbols2	punctuation	】 -name	http://st.unicode.org/cldr-apps/v#/so//b632422f9ce077c	
so	Somali	Latin	modern	modern	READ_WRITE	E13.1-153			Characters	Symbols2	punctuation	〔 –keywords	http://st.unicode.org/cldr-apps/v#/so//7723fd86ed57cbcc	
so	Somali	Latin	modern	modern	READ_WRITE	E13.1-153			Characters	Symbols2	punctuation	〔 -name	http://st.unicode.org/cldr-apps/v#/so//7e18c142ec70fc3e	
so	Somali	Latin	modern	modern	READ_WRITE	E13.1-154			Characters	Symbols2	punctuation	〕 –keywords	http://st.unicode.org/cldr-apps/v#/so//5e90f6e3fbb67c42	
so	Somali	Latin	modern	modern	READ_WRITE	E13.1-154			Characters	Symbols2	punctuation	〕 -name	http://st.unicode.org/cldr-apps/v#/so//26cf7c746e982f38	
so	Somali	Latin	modern	modern	READ_WRITE	E13.1-163			Characters	Symbols2	punctuation	〖 –keywords	http://st.unicode.org/cldr-apps/v#/so//2f7bfb4662332170	
so	Somali	Latin	modern	modern	READ_WRITE	E13.1-163			Characters	Symbols2	punctuation	〖 -name	http://st.unicode.org/cldr-apps/v#/so//1226521c8695e5	
so	Somali	Latin	modern	modern	READ_WRITE	E13.1-164			Characters	Symbols2	punctuation	〗 –keywords	http://st.unicode.org/cldr-apps/v#/so//61082503918c1578	
so	Somali	Latin	modern	modern	READ_WRITE	E13.1-164			Characters	Symbols2	punctuation	〗 -name	http://st.unicode.org/cldr-apps/v#/so//4e2fe5aee45f1e98	
so	Somali	Latin	modern	modern	READ_WRITE	E13.1-107			Characters	Symbols2	punctuation	‧ –keywords	http://st.unicode.org/cldr-apps/v#/so//4f1c409bdba835ec	
so	Somali	Latin	modern	modern	READ_WRITE	E13.1-107			Characters	Symbols2	punctuation	‧ -name	http://st.unicode.org/cldr-apps/v#/so//4b736acf48fe052c	
so	Somali	Latin	modern	modern	READ_WRITE	E13.1-131			Characters	Symbols2	punctuation	‴ –keywords	http://st.unicode.org/cldr-apps/v#/so//7155ab1558e32f59	
so	Somali	Latin	modern	modern	READ_WRITE	E13.1-131			Characters	Symbols2	punctuation	‴ -name	http://st.unicode.org/cldr-apps/v#/so//796a794c0cc59f	
so	Somali	Latin	modern	modern	READ_WRITE	E13.1-137			Characters	Symbols2	punctuation	` –keywords	http://st.unicode.org/cldr-apps/v#/so//3d3129fcf3a01650	
so	Somali	Latin	modern	modern	READ_WRITE	E13.1-137			Characters	Symbols2	punctuation	` -name	http://st.unicode.org/cldr-apps/v#/so//52af9cbdc714abd9	
so	Somali	Latin	modern	modern	READ_WRITE	E13.1-138			Characters	Symbols2	punctuation	´ –keywords	http://st.unicode.org/cldr-apps/v#/so//3b4d9018bc9e60ae	
so	Somali	Latin	modern	modern	READ_WRITE	E13.1-138			Characters	Symbols2	punctuation	´ -name	http://st.unicode.org/cldr-apps/v#/so//65d59b5e3797f2f6	
so	Somali	Latin	modern	modern	READ_WRITE	E13.1-139			Characters	Symbols2	punctuation	^ –keywords	http://st.unicode.org/cldr-apps/v#/so//60f0a5302c379369	
so	Somali	Latin	modern	modern	READ_WRITE	E13.1-139			Characters	Symbols2	punctuation	^ -name	http://st.unicode.org/cldr-apps/v#/so//27540debd501a778	
so	Somali	Latin	modern	modern	READ_WRITE	E13.1-140			Characters	Symbols2	punctuation	¨ –keywords	http://st.unicode.org/cldr-apps/v#/so//2da5a7306a93622	
so	Somali	Latin	modern	modern	READ_WRITE	E13.1-140			Characters	Symbols2	punctuation	¨ -name	http://st.unicode.org/cldr-apps/v#/so//475148615826f797	
so	Somali	Latin	modern	modern	READ_WRITE	E13.1-135			Characters	Symbols2	punctuation	♭ –keywords	http://st.unicode.org/cldr-apps/v#/so//43ecf1d62b731baf	
so	Somali	Latin	modern	modern	READ_WRITE	E13.1-135			Characters	Symbols2	punctuation	♭ -name	http://st.unicode.org/cldr-apps/v#/so//5e2c74eeb777e901	
so	Somali	Latin	modern	modern	READ_WRITE	E13.1-136			Characters	Symbols2	punctuation	♯ –keywords	http://st.unicode.org/cldr-apps/v#/so//49a50d0cb902c4c7	
so	Somali	Latin	modern	modern	READ_WRITE	E13.1-136			Characters	Symbols2	punctuation	♯ -name	http://st.unicode.org/cldr-apps/v#/so//5e68a51e3be94642	
so	Somali	Latin	modern	modern	READ_WRITE	E13.1-186			Characters	Symbols2	currency	₥ –keywords	http://st.unicode.org/cldr-apps/v#/so//4cce77a6e6f24ce	
so	Somali	Latin	modern	modern	READ_WRITE	E13.1-186			Characters	Symbols2	currency	₥ -name	http://st.unicode.org/cldr-apps/v#/so//1e3a6cb054d4a1e4	
so	Somali	Latin	modern	modern	READ_WRITE	E13.1-174			Characters	Symbols2	currency	₩ –keywords	http://st.unicode.org/cldr-apps/v#/so//139006de205988f8	
so	Somali	Latin	modern	modern	READ_WRITE	E13.1-174			Characters	Symbols2	currency	₩ -name	http://st.unicode.org/cldr-apps/v#/so//3df9880061f5ee24	
so	Somali	Latin	modern	modern	READ_WRITE	E13.1-189			Characters	Symbols2	currency	₿ –keywords	http://st.unicode.org/cldr-apps/v#/so//d372d96cd4025c	
so	Somali	Latin	modern	modern	READ_WRITE	E13.1-189			Characters	Symbols2	currency	₿ -name	http://st.unicode.org/cldr-apps/v#/so//c6a458fb340ec11	
sq	Albanian	Latin	modern	modern	READ_WRITE	doi			Locale Display Names	Languages (A-D)	D	Dogri ► doi	http://st.unicode.org/cldr-apps/v#/sq//3b1808f53ad666df	
sq	Albanian	Latin	modern	moderate	READ_WRITE	LSL			Currencies	Southern Africa	Southern Africa: Lesotho	LSL-name	http://st.unicode.org/cldr-apps/v#/sq//73cdaa7e87cb07d1	
sq	Albanian	Latin	modern	moderate	READ_WRITE	LSL			Currencies	Southern Africa	Southern Africa: Lesotho	LSL-name-one	http://st.unicode.org/cldr-apps/v#/sq//5b2f89143722a9fd	
sq	Albanian	Latin	modern	moderate	READ_WRITE	LSL			Currencies	Southern Africa	Southern Africa: Lesotho	LSL-name-other	http://st.unicode.org/cldr-apps/v#/sq//18e72d157fb85bce	
sq	Albanian	Latin	modern	modern	READ_WRITE	fur			Units	Length	furlong	long-displayName	http://st.unicode.org/cldr-apps/v#/sq//4a1a1b529f424dac	
sq	Albanian	Latin	modern	modern	READ_WRITE	{0} fur			Units	Length	furlong	long-one-nominative	http://st.unicode.org/cldr-apps/v#/sq//3e1c98e83623ceae	
sq	Albanian	Latin	modern	modern	READ_WRITE	{0} fur			Units	Length	furlong	long-other-nominative	http://st.unicode.org/cldr-apps/v#/sq//4f2859f78461fbf	
sq	Albanian	Latin	modern	modern	READ_WRITE	fth			Units	Length	fathom	long-displayName	http://st.unicode.org/cldr-apps/v#/sq//44f07fc1978e2818	
sq	Albanian	Latin	modern	modern	READ_WRITE	{0} fth			Units	Length	fathom	long-one-nominative	http://st.unicode.org/cldr-apps/v#/sq//1101a0977a74513a	
sq	Albanian	Latin	modern	modern	READ_WRITE	{0} fth			Units	Length	fathom	long-other-nominative	http://st.unicode.org/cldr-apps/v#/sq//ce35810af72c6e6	
sq	Albanian	Latin	modern	modern	READ_WRITE	st			Units	Mass and Weight	stone	long-displayName	http://st.unicode.org/cldr-apps/v#/sq//4e4aef030d610d4b	
sq	Albanian	Latin	modern	modern	READ_WRITE	{0} st			Units	Mass and Weight	stone	long-one-nominative	http://st.unicode.org/cldr-apps/v#/sq//10fda5c285b24377	
sq	Albanian	Latin	modern	modern	READ_WRITE	{0} st			Units	Mass and Weight	stone	long-other-nominative	http://st.unicode.org/cldr-apps/v#/sq//143c2a0c04acfa36	
sq	Albanian	Latin	modern	moderate	READ_WRITE	gran			Units	Mass and Weight	grain	long-displayName	http://st.unicode.org/cldr-apps/v#/sq//4bf6acc3a27dd9ed	
sq	Albanian	Latin	modern	moderate	READ_WRITE	{0} gran			Units	Mass and Weight	grain	long-one-nominative	http://st.unicode.org/cldr-apps/v#/sq//2588076e21d3136f	
sq	Albanian	Latin	modern	moderate	READ_WRITE	{0} granë			Units	Mass and Weight	grain	long-other-nominative	http://st.unicode.org/cldr-apps/v#/sq//2d9c7429782e640a	
sq	Albanian	Latin	modern	modern	READ_WRITE	bushelë			Units	Volume	bushel	long-displayName	http://st.unicode.org/cldr-apps/v#/sq//7a6345374de647dd	
sq	Albanian	Latin	modern	modern	READ_WRITE	{0} bushel			Units	Volume	bushel	long-one-nominative	http://st.unicode.org/cldr-apps/v#/sq//1c5a58ff38b3fb6	
sq	Albanian	Latin	modern	modern	READ_WRITE	{0} bushelë			Units	Volume	bushel	long-other-nominative	http://st.unicode.org/cldr-apps/v#/sq//3bb61466cb622e5c	
sq	Albanian	Latin	modern	moderate	READ_WRITE	dstspn			Units	Volume	dessert-spoon	long-displayName	http://st.unicode.org/cldr-apps/v#/sq//2f6ae9e7e1997468	
sq	Albanian	Latin	modern	moderate	READ_WRITE	{0} dstspn			Units	Volume	dessert-spoon	long-one-nominative	http://st.unicode.org/cldr-apps/v#/sq//43950fda7a17e29d	
sq	Albanian	Latin	modern	moderate	READ_WRITE	{0} dstspn			Units	Volume	dessert-spoon	long-other-nominative	http://st.unicode.org/cldr-apps/v#/sq//4b49a5f4bb4c393e	
sq	Albanian	Latin	modern	moderate	READ_WRITE	dstspn Imp			Units	Volume	dessert-spoon-imperial	long-displayName	http://st.unicode.org/cldr-apps/v#/sq//12a11a952914ef37	
sq	Albanian	Latin	modern	moderate	READ_WRITE	{0} dstspn Imp			Units	Volume	dessert-spoon-imperial	long-one-nominative	http://st.unicode.org/cldr-apps/v#/sq//6c1a9ff7604cd5cb	
sq	Albanian	Latin	modern	moderate	READ_WRITE	{0} dstspn Imp			Units	Volume	dessert-spoon-imperial	long-other-nominative	http://st.unicode.org/cldr-apps/v#/sq//9c2099be78f2803	
sq	Albanian	Latin	modern	moderate	READ_WRITE	drop			Units	Volume	drop	long-displayName	http://st.unicode.org/cldr-apps/v#/sq//30f1a3e9dd0d598a	
sq	Albanian	Latin	modern	moderate	READ_WRITE	{0} drop			Units	Volume	drop	long-one-nominative	http://st.unicode.org/cldr-apps/v#/sq//33df90f47acf7436	
sq	Albanian	Latin	modern	moderate	READ_WRITE	{0} drop			Units	Volume	drop	long-other-nominative	http://st.unicode.org/cldr-apps/v#/sq//7afd67752fd8e337	
sq	Albanian	Latin	modern	moderate	READ_WRITE	jigger			Units	Volume	jigger	long-displayName	http://st.unicode.org/cldr-apps/v#/sq//2b9e3e0b1b5918bc	
sq	Albanian	Latin	modern	moderate	READ_WRITE	{0} jigger			Units	Volume	jigger	long-one-nominative	http://st.unicode.org/cldr-apps/v#/sq//306b04851383efaf	
sq	Albanian	Latin	modern	moderate	READ_WRITE	{0} jigger			Units	Volume	jigger	long-other-nominative	http://st.unicode.org/cldr-apps/v#/sq//21d5599da901f96f	
sq	Albanian	Latin	modern	moderate	READ_WRITE	pinch			Units	Volume	pinch	long-displayName	http://st.unicode.org/cldr-apps/v#/sq//29290ef31c5c3735	
sq	Albanian	Latin	modern	moderate	READ_WRITE	{0} pinch			Units	Volume	pinch	long-one-nominative	http://st.unicode.org/cldr-apps/v#/sq//562729ecba100f7b	
sq	Albanian	Latin	modern	moderate	READ_WRITE	{0} pinch			Units	Volume	pinch	long-other-nominative	http://st.unicode.org/cldr-apps/v#/sq//3ac7fd1e8b6972a6	
sq	Albanian	Latin	modern	moderate	READ_WRITE	qt Imp			Units	Volume	quart-imperial	long-displayName	http://st.unicode.org/cldr-apps/v#/sq//1d71a31df50619ad	
sq	Albanian	Latin	modern	moderate	READ_WRITE	{0} qt Imp.			Units	Volume	quart-imperial	long-one-nominative	http://st.unicode.org/cldr-apps/v#/sq//2f8dd94eb1abbd8	
sq	Albanian	Latin	modern	moderate	READ_WRITE	{0} qt Imp.			Units	Volume	quart-imperial	long-other-nominative	http://st.unicode.org/cldr-apps/v#/sq//70bf472d77423c15	
sq	Albanian	Latin	modern	modern	READ_WRITE	st			Units	Mass and Weight	stone	short-displayName	http://st.unicode.org/cldr-apps/v#/sq//78e9ef06b5dc52f6	
sq	Albanian	Latin	modern	modern	READ_WRITE	{0} st			Units	Mass and Weight	stone	short-one-nominative	http://st.unicode.org/cldr-apps/v#/sq//6d8300ad95fecaba	
sq	Albanian	Latin	modern	modern	READ_WRITE	{0} st			Units	Mass and Weight	stone	short-other-nominative	http://st.unicode.org/cldr-apps/v#/sq//726ab91f191b33f4	
sq	Albanian	Latin	modern	moderate	READ_WRITE	gran			Units	Mass and Weight	grain	short-displayName	http://st.unicode.org/cldr-apps/v#/sq//53c8472b77dd2885	
sq	Albanian	Latin	modern	moderate	READ_WRITE	{0} gran			Units	Mass and Weight	grain	short-one-nominative	http://st.unicode.org/cldr-apps/v#/sq//23f6ae321908bb50	
sq	Albanian	Latin	modern	moderate	READ_WRITE	{0} granë			Units	Mass and Weight	grain	short-other-nominative	http://st.unicode.org/cldr-apps/v#/sq//2e3f3c11083337b8	
sq	Albanian	Latin	modern	modern	READ_WRITE	bushelë			Units	Volume	bushel	short-displayName	http://st.unicode.org/cldr-apps/v#/sq//c42ae0a0bed9aa	
sq	Albanian	Latin	modern	modern	READ_WRITE	{0} bu			Units	Volume	bushel	short-one-nominative	http://st.unicode.org/cldr-apps/v#/sq//2b7ba147e7da435	
sq	Albanian	Latin	modern	modern	READ_WRITE	{0} bu			Units	Volume	bushel	short-other-nominative	http://st.unicode.org/cldr-apps/v#/sq//2690050c5fbf3eba	
sq	Albanian	Latin	modern	moderate	READ_WRITE	dstspn			Units	Volume	dessert-spoon	short-displayName	http://st.unicode.org/cldr-apps/v#/sq//2c3ce6638700614b	
sq	Albanian	Latin	modern	moderate	READ_WRITE	{0} dstspn			Units	Volume	dessert-spoon	short-one-nominative	http://st.unicode.org/cldr-apps/v#/sq//2dbbbdcd344bfa94	
sq	Albanian	Latin	modern	moderate	READ_WRITE	{0} dstspn			Units	Volume	dessert-spoon	short-other-nominative	http://st.unicode.org/cldr-apps/v#/sq//3eecaafe459d5283	
sq	Albanian	Latin	modern	moderate	READ_WRITE	dstspn Imp			Units	Volume	dessert-spoon-imperial	short-displayName	http://st.unicode.org/cldr-apps/v#/sq//afa90399076bcb	
sq	Albanian	Latin	modern	moderate	READ_WRITE	{0} dstspn Imp			Units	Volume	dessert-spoon-imperial	short-one-nominative	http://st.unicode.org/cldr-apps/v#/sq//ba4d106ad42641	
sq	Albanian	Latin	modern	moderate	READ_WRITE	{0} dstspn Imp			Units	Volume	dessert-spoon-imperial	short-other-nominative	http://st.unicode.org/cldr-apps/v#/sq//23f3a4c63f3e731c	
sq	Albanian	Latin	modern	moderate	READ_WRITE	drop			Units	Volume	drop	short-displayName	http://st.unicode.org/cldr-apps/v#/sq//5a5df597d34ddc90	
sq	Albanian	Latin	modern	moderate	READ_WRITE	{0} drop			Units	Volume	drop	short-one-nominative	http://st.unicode.org/cldr-apps/v#/sq//44e33389077f2f79	
sq	Albanian	Latin	modern	moderate	READ_WRITE	{0} drop			Units	Volume	drop	short-other-nominative	http://st.unicode.org/cldr-apps/v#/sq//ec0408185640617	
sq	Albanian	Latin	modern	moderate	READ_WRITE	dram fluid			Units	Volume	dram	short-displayName	http://st.unicode.org/cldr-apps/v#/sq//53166ca23ecd6a40	
sq	Albanian	Latin	modern	moderate	READ_WRITE	{0} dram fl			Units	Volume	dram	short-one-nominative	http://st.unicode.org/cldr-apps/v#/sq//29b0286a62dcfbef	
sq	Albanian	Latin	modern	moderate	READ_WRITE	{0} dram fl			Units	Volume	dram	short-other-nominative	http://st.unicode.org/cldr-apps/v#/sq//489cdd047e9c3c46	
sq	Albanian	Latin	modern	moderate	READ_WRITE	jigger			Units	Volume	jigger	short-displayName	http://st.unicode.org/cldr-apps/v#/sq//536b373c867ecf7e	
sq	Albanian	Latin	modern	moderate	READ_WRITE	{0} jigger			Units	Volume	jigger	short-one-nominative	http://st.unicode.org/cldr-apps/v#/sq//345b1e530fa9110b	
sq	Albanian	Latin	modern	moderate	READ_WRITE	{0} jigger			Units	Volume	jigger	short-other-nominative	http://st.unicode.org/cldr-apps/v#/sq//7c927fe1e43857eb	
sq	Albanian	Latin	modern	moderate	READ_WRITE	pinch			Units	Volume	pinch	short-displayName	http://st.unicode.org/cldr-apps/v#/sq//131e462615cd89c7	
sq	Albanian	Latin	modern	moderate	READ_WRITE	{0} pinch			Units	Volume	pinch	short-one-nominative	http://st.unicode.org/cldr-apps/v#/sq//3f26b4b34dba964f	
sq	Albanian	Latin	modern	moderate	READ_WRITE	{0} pinch			Units	Volume	pinch	short-other-nominative	http://st.unicode.org/cldr-apps/v#/sq//2233fbe00d230b7	
sq	Albanian	Latin	modern	moderate	READ_WRITE	qt Imp			Units	Volume	quart-imperial	short-displayName	http://st.unicode.org/cldr-apps/v#/sq//505f7d878bbc6423	
sq	Albanian	Latin	modern	moderate	READ_WRITE	{0} qt Imp.			Units	Volume	quart-imperial	short-one-nominative	http://st.unicode.org/cldr-apps/v#/sq//f9b6836722c6f84	
sq	Albanian	Latin	modern	moderate	READ_WRITE	{0} qt Imp.			Units	Volume	quart-imperial	short-other-nominative	http://st.unicode.org/cldr-apps/v#/sq//4079c576063805bd	
sq	Albanian	Latin	modern	modern	READ_WRITE	ndarje minus			Characters	Symbols2	punctuation	- –keywords	http://st.unicode.org/cldr-apps/v#/sq//79feafe5b4886e41	
sq	Albanian	Latin	modern	modern	READ_WRITE	ndarje minus			Characters	Symbols2	punctuation	- -name	http://st.unicode.org/cldr-apps/v#/sq//7daf3351749b444d	
sq	Albanian	Latin	modern	modern	READ_WRITE	ndarje			Characters	Symbols2	punctuation	‐ –keywords	http://st.unicode.org/cldr-apps/v#/sq//fd0ba69bb209f66	
sq	Albanian	Latin	modern	modern	READ_WRITE	ndarje			Characters	Symbols2	punctuation	‐ -name	http://st.unicode.org/cldr-apps/v#/sq//7241e4f0bab9b074	
sq	Albanian	Latin	modern	modern	READ_WRITE	pikëçuditje			Characters	Symbols2	punctuation	! –keywords	http://st.unicode.org/cldr-apps/v#/sq//377f712dcca6138	
sq	Albanian	Latin	modern	modern	READ_WRITE	pikëçuditje			Characters	Symbols2	punctuation	! -name	http://st.unicode.org/cldr-apps/v#/sq//63011117c474c0	
sq	Albanian	Latin	modern	modern	READ_WRITE	pikëpyetje përmbys			Characters	Symbols2	punctuation	¿ –keywords	http://st.unicode.org/cldr-apps/v#/sq//5d9533805751ee12	
sq	Albanian	Latin	modern	modern	READ_WRITE	pikëpyetje përmbys			Characters	Symbols2	punctuation	¿ -name	http://st.unicode.org/cldr-apps/v#/sq//177210c504e82344	
sq	Albanian	Latin	modern	modern	READ_WRITE	dy prim			Characters	Symbols2	punctuation	″ –keywords	http://st.unicode.org/cldr-apps/v#/sq//60192198c89d7740	
sq	Albanian	Latin	modern	modern	READ_WRITE	dy prim			Characters	Symbols2	punctuation	″ -name	http://st.unicode.org/cldr-apps/v#/sq//56cc34298c35e6d2	
sq	Albanian	Latin	modern	modern	READ_WRITE	tilde			Characters	Symbols2	math	~ –keywords	http://st.unicode.org/cldr-apps/v#/sq//28068606aad81296	
sq	Albanian	Latin	modern	modern	READ_WRITE	tilde			Characters	Symbols2	math	~ -name	http://st.unicode.org/cldr-apps/v#/sq//3fc7c94b8519101b	
su	Sundanese	Latin	basic	modern	HIDE				Supplemental	Plural	ordinal-su	other	http://st.unicode.org/cldr-apps/v#/su//1de9513d9cbf0dc1	
su	Sundanese	Latin	basic	core	HIDE				Special	Suppress	Casing	*	http://st.unicode.org/cldr-apps/v#/su//60b956c5c59aabd6	
su	Sundanese	Latin	basic	core	HIDE				Miscellaneous	Linguistic Elements	Collation	standard	http://st.unicode.org/cldr-apps/v#/su//96637b9643a58d4	
sv	Swedish	Latin	modern	moderate	READ_WRITE	brittisk dram			Units	Volume	dram	long-displayName	http://st.unicode.org/cldr-apps/v#/sv//6c35dd27a9c97b45	
sv	Swedish	Latin	modern	moderate	READ_WRITE	flytande dram			Units	Volume	dram	short-displayName	http://st.unicode.org/cldr-apps/v#/sv//53166ca23ecd6a40	
sv	Swedish	Latin	modern	moderate	READ_WRITE	{0} fl. dram			Units	Volume	dram	short-one-nominative	http://st.unicode.org/cldr-apps/v#/sv//29b0286a62dcfbef	
sv	Swedish	Latin	modern	moderate	READ_WRITE	{0} fl. dram			Units	Volume	dram	short-other-nominative	http://st.unicode.org/cldr-apps/v#/sv//489cdd047e9c3c46	
sv	Swedish	Latin	modern	modern	READ_WRITE	snabel a			Characters	Symbols2	punctuation	@ –keywords	http://st.unicode.org/cldr-apps/v#/sv//6aecc84f4a489356	
sv	Swedish	Latin	modern	modern	READ_WRITE	snabel a			Characters	Symbols2	punctuation	@ -name	http://st.unicode.org/cldr-apps/v#/sv//1c76d07ea5752d0c	
sv	Swedish	Latin	modern	modern	READ_WRITE	bakåt snedstreck | bakstreck | omvänt snedstreck			Characters	Symbols2	punctuation	\ –keywords	http://st.unicode.org/cldr-apps/v#/sv//52e071334375f900	
sv	Swedish	Latin	modern	modern	READ_WRITE	fyrkantstecken			Characters	Symbols2	punctuation	# –keywords	http://st.unicode.org/cldr-apps/v#/sv//79f61389ad973fd7	
sv	Swedish	Latin	modern	modern	READ_WRITE	fyrkantstecken			Characters	Symbols2	punctuation	# -name	http://st.unicode.org/cldr-apps/v#/sv//68ffe0300202205c	
sv	Swedish	Latin	modern	modern	READ_WRITE	procent			Characters	Symbols2	punctuation	% –keywords	http://st.unicode.org/cldr-apps/v#/sv//2cb33c828e29f6fc	
sv	Swedish	Latin	modern	modern	READ_WRITE	procent			Characters	Symbols2	punctuation	% -name	http://st.unicode.org/cldr-apps/v#/sv//4da950a5e80f6712	
sv	Swedish	Latin	modern	modern	READ_WRITE	promille			Characters	Symbols2	punctuation	‰ –keywords	http://st.unicode.org/cldr-apps/v#/sv//40e0ae40d757f59b	
sv	Swedish	Latin	modern	modern	READ_WRITE	promille			Characters	Symbols2	punctuation	‰ -name	http://st.unicode.org/cldr-apps/v#/sv//6d98a7fb8491284e	
sv	Swedish	Latin	modern	modern	READ_WRITE	dubbelprim			Characters	Symbols2	punctuation	″ –keywords	http://st.unicode.org/cldr-apps/v#/sv//60192198c89d7740	
sv	Swedish	Latin	modern	modern	READ_WRITE	dubbelprim			Characters	Symbols2	punctuation	″ -name	http://st.unicode.org/cldr-apps/v#/sv//56cc34298c35e6d2	
sv	Swedish	Latin	modern	modern	READ_WRITE	trippelprim			Characters	Symbols2	punctuation	‴ –keywords	http://st.unicode.org/cldr-apps/v#/sv//7155ab1558e32f59	
sv	Swedish	Latin	modern	modern	READ_WRITE	trippelprim			Characters	Symbols2	punctuation	‴ -name	http://st.unicode.org/cldr-apps/v#/sv//796a794c0cc59f	
sv	Swedish	Latin	modern	modern	READ_WRITE	plustecken			Characters	Symbols2	math	+ –keywords	http://st.unicode.org/cldr-apps/v#/sv//7b91e6471d5a9873	
sv	Swedish	Latin	modern	modern	READ_WRITE	plustecken			Characters	Symbols2	math	+ -name	http://st.unicode.org/cldr-apps/v#/sv//74123231baebf760	
sv	Swedish	Latin	modern	modern	READ_WRITE	dollar			Characters	Symbols2	currency	$ –keywords	http://st.unicode.org/cldr-apps/v#/sv//713c725574c47946	
sv	Swedish	Latin	modern	modern	READ_WRITE	dollar			Characters	Symbols2	currency	$ -name	http://st.unicode.org/cldr-apps/v#/sv//727246c1e8fba232	
sw	Swahili	Latin	modern	modern	READ_WRITE	doi			Locale Display Names	Languages (A-D)	D	Dogri ► doi	http://st.unicode.org/cldr-apps/v#/sw//3b1808f53ad666df	
tk	Turkmen	Latin	modern	modern	READ_WRITE	doi			Locale Display Names	Languages (A-D)	D	Dogri ► doi	http://st.unicode.org/cldr-apps/v#/tk//3b1808f53ad666df	
tk	Turkmen	Latin	modern	moderate	READ_WRITE	LSL			Currencies	Southern Africa	Southern Africa: Lesotho	LSL-name	http://st.unicode.org/cldr-apps/v#/tk//73cdaa7e87cb07d1	
tk	Turkmen	Latin	modern	moderate	READ_WRITE	LSL			Currencies	Southern Africa	Southern Africa: Lesotho	LSL-name-one	http://st.unicode.org/cldr-apps/v#/tk//5b2f89143722a9fd	
tk	Turkmen	Latin	modern	moderate	READ_WRITE	LSL			Currencies	Southern Africa	Southern Africa: Lesotho	LSL-name-other	http://st.unicode.org/cldr-apps/v#/tk//18e72d157fb85bce	
uk	Ukrainian	Cyrillic	modern	modern	READ_WRITE	{0} fur			Units	Length	furlong	short-one-nominative	http://st.unicode.org/cldr-apps/v#/uk//1cb788fe0a781b47	
uk	Ukrainian	Cyrillic	modern	modern	READ_WRITE	{0} fur			Units	Length	furlong	short-few-nominative	http://st.unicode.org/cldr-apps/v#/uk//c70d3fd87364df7	
uk	Ukrainian	Cyrillic	modern	modern	READ_WRITE	{0} fur			Units	Length	furlong	short-many-nominative	http://st.unicode.org/cldr-apps/v#/uk//37e7fcdb9f949d04	
uk	Ukrainian	Cyrillic	modern	modern	READ_WRITE	{0} fur			Units	Length	furlong	short-other-nominative	http://st.unicode.org/cldr-apps/v#/uk//40b109696fdd1ba3	
uk	Ukrainian	Cyrillic	modern	modern	READ_WRITE	стоуни			Units	Mass and Weight	stone	short-displayName	http://st.unicode.org/cldr-apps/v#/uk//78e9ef06b5dc52f6	
uk	Ukrainian	Cyrillic	modern	modern	READ_WRITE	нерівні			Characters	Symbols2	math	≠ –keywords	http://st.unicode.org/cldr-apps/v#/uk//39bffc099d4860ad	
uk	Ukrainian	Cyrillic	modern	modern	READ_WRITE	нерівні			Characters	Symbols2	math	≠ -name	http://st.unicode.org/cldr-apps/v#/uk//72d44e0bc234a944	
uk	Ukrainian	Cyrillic	modern	modern	READ_WRITE	майже рівні			Characters	Symbols2	math	≈ –keywords	http://st.unicode.org/cldr-apps/v#/uk//2895ee12153929be	
uk	Ukrainian	Cyrillic	modern	modern	READ_WRITE	майже рівні			Characters	Symbols2	math	≈ -name	http://st.unicode.org/cldr-apps/v#/uk//62e69aa51df15e02	
ur	Urdu	Arabic	modern	core	HIDE				Special	Alphabetic Information	Layout	characterOrder	http://st.unicode.org/cldr-apps/v#/ur//7972e33a5e623d65	
ur	Urdu	Arabic	modern	modern	READ_WRITE	doi			Locale Display Names	Languages (A-D)	D	Dogri ► doi	http://st.unicode.org/cldr-apps/v#/ur//3b1808f53ad666df	
uz	Uzbek	Latin	modern	modern	READ_WRITE	doi			Locale Display Names	Languages (A-D)	D	Dogri ► doi	http://st.unicode.org/cldr-apps/v#/uz//3b1808f53ad666df	
uz	Uzbek	Latin	modern	moderate	READ_WRITE	LSL			Currencies	Southern Africa	Southern Africa: Lesotho	LSL-name	http://st.unicode.org/cldr-apps/v#/uz//73cdaa7e87cb07d1	
uz	Uzbek	Latin	modern	moderate	READ_WRITE	LSL			Currencies	Southern Africa	Southern Africa: Lesotho	LSL-name-one	http://st.unicode.org/cldr-apps/v#/uz//5b2f89143722a9fd	
uz	Uzbek	Latin	modern	moderate	READ_WRITE	LSL			Currencies	Southern Africa	Southern Africa: Lesotho	LSL-name-other	http://st.unicode.org/cldr-apps/v#/uz//18e72d157fb85bce	
uz	Uzbek	Latin	modern	modern	READ_WRITE	davri			Characters	Symbols2	punctuation	. –keywords	http://st.unicode.org/cldr-apps/v#/uz//4e8e9d30b3539c9f	
uz	Uzbek	Latin	modern	modern	READ_WRITE	davri			Characters	Symbols2	punctuation	. -name	http://st.unicode.org/cldr-apps/v#/uz//36f67ea806adaca1	
vi	Vietnamese	Latin	modern	moderate	LTR_ALWAYS	{0}?			Miscellaneous	Minimal Pairs	Plural	other	http://st.unicode.org/cldr-apps/v#/vi//10a103e3d97912c7	
vi	Vietnamese	Latin	modern	moderate	LTR_ALWAYS	{0}?			Miscellaneous	Minimal Pairs	Ordinal	other	http://st.unicode.org/cldr-apps/v#/vi//4aadabab33db3504	
yo	Yoruba	Latin	moderate	modern	HIDE				Supplemental	Plural	ordinal-yo	other	http://st.unicode.org/cldr-apps/v#/yo//7a57abe7160bfe19	
yue	Cantonese	Traditional	modern	core	HIDE				Miscellaneous	Linguistic Elements	Collation	standard	http://st.unicode.org/cldr-apps/v#/yue//96637b9643a58d4	
zu	Zulu	Latin	modern	modern	READ_WRITE	E13.1-110			Characters	Symbols2	punctuation	, –keywords	http://st.unicode.org/cldr-apps/v#/zu//472c0c2983911106	
zu	Zulu	Latin	modern	modern	READ_WRITE	E13.1-110			Characters	Symbols2	punctuation	, -name	http://st.unicode.org/cldr-apps/v#/zu//4612db05110c60cd	
zu	Zulu	Latin	modern	modern	READ_WRITE	E13.1-112			Characters	Symbols2	punctuation	، –keywords	http://st.unicode.org/cldr-apps/v#/zu//655755057cc227c4	
zu	Zulu	Latin	modern	modern	READ_WRITE	E13.1-112			Characters	Symbols2	punctuation	، -name	http://st.unicode.org/cldr-apps/v#/zu//5ad3ca5c56036a92	
zu	Zulu	Latin	modern	modern	READ_WRITE	E13.1-111			Characters	Symbols2	punctuation	、 –keywords	http://st.unicode.org/cldr-apps/v#/zu//d0c9fe378ffaecc	
zu	Zulu	Latin	modern	modern	READ_WRITE	E13.1-111			Characters	Symbols2	punctuation	、 -name	http://st.unicode.org/cldr-apps/v#/zu//38898a05e689202	
zu	Zulu	Latin	modern	modern	READ_WRITE	E13.1-113			Characters	Symbols2	punctuation	; –keywords	http://st.unicode.org/cldr-apps/v#/zu//167f3d5b47d024b	
zu	Zulu	Latin	modern	modern	READ_WRITE	E13.1-113			Characters	Symbols2	punctuation	; -name	http://st.unicode.org/cldr-apps/v#/zu//62f4559c29364215	
zu	Zulu	Latin	modern	modern	READ_WRITE	E13.1-115			Characters	Symbols2	punctuation	؛ –keywords	http://st.unicode.org/cldr-apps/v#/zu//11d21929f0e9311c	
zu	Zulu	Latin	modern	modern	READ_WRITE	E13.1-115			Characters	Symbols2	punctuation	؛ -name	http://st.unicode.org/cldr-apps/v#/zu//e8dce0d4df37039	
zu	Zulu	Latin	modern	modern	READ_WRITE	E13.1-114			Characters	Symbols2	punctuation	: –keywords	http://st.unicode.org/cldr-apps/v#/zu//44e2e2c25e5f3331	
zu	Zulu	Latin	modern	modern	READ_WRITE	E13.1-114			Characters	Symbols2	punctuation	: -name	http://st.unicode.org/cldr-apps/v#/zu//58e1261ca3cf89fd	
zu	Zulu	Latin	modern	modern	READ_WRITE	E13.1-116			Characters	Symbols2	punctuation	! –keywords	http://st.unicode.org/cldr-apps/v#/zu//377f712dcca6138	
zu	Zulu	Latin	modern	modern	READ_WRITE	E13.1-116			Characters	Symbols2	punctuation	! -name	http://st.unicode.org/cldr-apps/v#/zu//63011117c474c0	
zu	Zulu	Latin	modern	modern	READ_WRITE	E13.1-117			Characters	Symbols2	punctuation	¡ –keywords	http://st.unicode.org/cldr-apps/v#/zu//7ba378bff4aec221	
zu	Zulu	Latin	modern	modern	READ_WRITE	E13.1-117			Characters	Symbols2	punctuation	¡ -name	http://st.unicode.org/cldr-apps/v#/zu//167f9df9d40f6177	
zu	Zulu	Latin	modern	modern	READ_WRITE	E13.1-118			Characters	Symbols2	punctuation	? –keywords	http://st.unicode.org/cldr-apps/v#/zu//7de9fba81d040de9	
zu	Zulu	Latin	modern	modern	READ_WRITE	E13.1-118			Characters	Symbols2	punctuation	? -name	http://st.unicode.org/cldr-apps/v#/zu//ab29b9b2918f3d5	
zu	Zulu	Latin	modern	modern	READ_WRITE	E13.1-119			Characters	Symbols2	punctuation	¿ –keywords	http://st.unicode.org/cldr-apps/v#/zu//5d9533805751ee12	
zu	Zulu	Latin	modern	modern	READ_WRITE	E13.1-119			Characters	Symbols2	punctuation	¿ -name	http://st.unicode.org/cldr-apps/v#/zu//177210c504e82344	
zu	Zulu	Latin	modern	modern	READ_WRITE	E13.1-120			Characters	Symbols2	punctuation	؟ –keywords	http://st.unicode.org/cldr-apps/v#/zu//73a9fc8bf5f39b84	
zu	Zulu	Latin	modern	modern	READ_WRITE	E13.1-120			Characters	Symbols2	punctuation	؟ -name	http://st.unicode.org/cldr-apps/v#/zu//a3d28f234f1e9f2	
zu	Zulu	Latin	modern	modern	READ_WRITE	E13.1-121			Characters	Symbols2	punctuation	¶ –keywords	http://st.unicode.org/cldr-apps/v#/zu//1e25b6748e2b6119	
zu	Zulu	Latin	modern	modern	READ_WRITE	E13.1-121			Characters	Symbols2	punctuation	¶ -name	http://st.unicode.org/cldr-apps/v#/zu//d4c8f81ef44e9d2	
zu	Zulu	Latin	modern	modern	READ_WRITE	E13.1-132			Characters	Symbols2	punctuation	@ –keywords	http://st.unicode.org/cldr-apps/v#/zu//6aecc84f4a489356	
zu	Zulu	Latin	modern	modern	READ_WRITE	E13.1-132			Characters	Symbols2	punctuation	@ -name	http://st.unicode.org/cldr-apps/v#/zu//1c76d07ea5752d0c	
zu	Zulu	Latin	modern	modern	READ_WRITE	E13.1-133			Characters	Symbols2	punctuation	* –keywords	http://st.unicode.org/cldr-apps/v#/zu//51d0ab33be0e3bef	
zu	Zulu	Latin	modern	modern	READ_WRITE	E13.1-133			Characters	Symbols2	punctuation	* -name	http://st.unicode.org/cldr-apps/v#/zu//2451c075cf9e85f7	
zu	Zulu	Latin	modern	modern	READ_WRITE	E13.1-123			Characters	Symbols2	punctuation	/ –keywords	http://st.unicode.org/cldr-apps/v#/zu//26abd0f85927da98	
zu	Zulu	Latin	modern	modern	READ_WRITE	E13.1-123			Characters	Symbols2	punctuation	/ -name	http://st.unicode.org/cldr-apps/v#/zu//4a86d222ac6535ac	
zu	Zulu	Latin	modern	modern	READ_WRITE	E13.1-124			Characters	Symbols2	punctuation	\ –keywords	http://st.unicode.org/cldr-apps/v#/zu//52e071334375f900	
zu	Zulu	Latin	modern	modern	READ_WRITE	E13.1-124			Characters	Symbols2	punctuation	\ -name	http://st.unicode.org/cldr-apps/v#/zu//4d04c90a72408d56	
zu	Zulu	Latin	modern	modern	READ_WRITE	E13.1-125			Characters	Symbols2	punctuation	& –keywords	http://st.unicode.org/cldr-apps/v#/zu//a3f6b2430ed1abe	
zu	Zulu	Latin	modern	modern	READ_WRITE	E13.1-125			Characters	Symbols2	punctuation	& -name	http://st.unicode.org/cldr-apps/v#/zu//f9fe8d65be2c1ae	
zu	Zulu	Latin	modern	modern	READ_WRITE	E13.1-126			Characters	Symbols2	punctuation	# –keywords	http://st.unicode.org/cldr-apps/v#/zu//79f61389ad973fd7	
zu	Zulu	Latin	modern	modern	READ_WRITE	E13.1-126			Characters	Symbols2	punctuation	# -name	http://st.unicode.org/cldr-apps/v#/zu//68ffe0300202205c	
zu	Zulu	Latin	modern	modern	READ_WRITE	E13.1-127			Characters	Symbols2	punctuation	% –keywords	http://st.unicode.org/cldr-apps/v#/zu//2cb33c828e29f6fc	
zu	Zulu	Latin	modern	modern	READ_WRITE	E13.1-127			Characters	Symbols2	punctuation	% -name	http://st.unicode.org/cldr-apps/v#/zu//4da950a5e80f6712	
zu	Zulu	Latin	modern	modern	READ_WRITE	E13.1-128			Characters	Symbols2	punctuation	‰ –keywords	http://st.unicode.org/cldr-apps/v#/zu//40e0ae40d757f59b	
zu	Zulu	Latin	modern	modern	READ_WRITE	E13.1-128			Characters	Symbols2	punctuation	‰ -name	http://st.unicode.org/cldr-apps/v#/zu//6d98a7fb8491284e	
zu	Zulu	Latin	modern	modern	READ_WRITE	E13.1-129			Characters	Symbols2	punctuation	′ –keywords	http://st.unicode.org/cldr-apps/v#/zu//2bee19585822355a	
zu	Zulu	Latin	modern	modern	READ_WRITE	E13.1-129			Characters	Symbols2	punctuation	′ -name	http://st.unicode.org/cldr-apps/v#/zu//380db22fa50356c5	
zu	Zulu	Latin	modern	modern	READ_WRITE	E13.1-130			Characters	Symbols2	punctuation	″ –keywords	http://st.unicode.org/cldr-apps/v#/zu//60192198c89d7740	
zu	Zulu	Latin	modern	modern	READ_WRITE	E13.1-130			Characters	Symbols2	punctuation	″ -name	http://st.unicode.org/cldr-apps/v#/zu//56cc34298c35e6d2	
zu	Zulu	Latin	modern	modern	READ_WRITE	E13.1-131			Characters	Symbols2	punctuation	‴ –keywords	http://st.unicode.org/cldr-apps/v#/zu//7155ab1558e32f59	
zu	Zulu	Latin	modern	modern	READ_WRITE	E13.1-131			Characters	Symbols2	punctuation	‴ -name	http://st.unicode.org/cldr-apps/v#/zu//796a794c0cc59f	
zu	Zulu	Latin	modern	modern	READ_WRITE	E13.1-122			Characters	Symbols2	punctuation	※ –keywords	http://st.unicode.org/cldr-apps/v#/zu//7154960c25c42aa6	
zu	Zulu	Latin	modern	modern	READ_WRITE	E13.1-122			Characters	Symbols2	punctuation	※ -name	http://st.unicode.org/cldr-apps/v#/zu//568f41273e217273	
zu	Zulu	Latin	modern	modern	READ_WRITE	E13.1-137			Characters	Symbols2	punctuation	` –keywords	http://st.unicode.org/cldr-apps/v#/zu//3d3129fcf3a01650	
zu	Zulu	Latin	modern	modern	READ_WRITE	E13.1-137			Characters	Symbols2	punctuation	` -name	http://st.unicode.org/cldr-apps/v#/zu//52af9cbdc714abd9	
zu	Zulu	Latin	modern	modern	READ_WRITE	E13.1-139			Characters	Symbols2	punctuation	^ -name	http://st.unicode.org/cldr-apps/v#/zu//27540debd501a778	
zu	Zulu	Latin	modern	modern	READ_WRITE	E13.1-134			Characters	Symbols2	punctuation	♪ -name	http://st.unicode.org/cldr-apps/v#/zu//45d23ffaa9d7a1b1	
zu	Zulu	Latin	modern	modern	READ_WRITE	E13.1-135			Characters	Symbols2	punctuation	♭ –keywords	http://st.unicode.org/cldr-apps/v#/zu//43ecf1d62b731baf	
zu	Zulu	Latin	modern	modern	READ_WRITE	E13.1-135			Characters	Symbols2	punctuation	♭ -name	http://st.unicode.org/cldr-apps/v#/zu//5e2c74eeb777e901	
zu	Zulu	Latin	modern	modern	READ_WRITE	E13.1-136			Characters	Symbols2	punctuation	♯ –keywords	http://st.unicode.org/cldr-apps/v#/zu//49a50d0cb902c4c7	
zu	Zulu	Latin	modern	modern	READ_WRITE	E13.1-136			Characters	Symbols2	punctuation	♯ -name	http://st.unicode.org/cldr-apps/v#/zu//5e68a51e3be94642	
zu	Zulu	Latin	modern	modern	READ_WRITE	E13-053			Characters	Activities	game	🪆 –keywords	http://st.unicode.org/cldr-apps/v#/zu//5aae140522723eea	
zu	Zulu	Latin	modern	modern	READ_WRITE	E13-053			Characters	Activities	game	🪆 -name	http://st.unicode.org/cldr-apps/v#/zu//54568814dc814897	
zu	Zulu	Latin	modern	modern	READ_WRITE	E13-054			Characters	Activities	arts & crafts	🪡 -name	http://st.unicode.org/cldr-apps/v#/zu//4f5f99a4d98bc605	
