# Section	Page	Header	Code	Locale	Old	New	Level
Date & Time	Gregorian	Formats - Flexible - Date Formats	MEd	ar	E، d/M	‫E، d/‏M‬	basic
Date & Time	Gregorian	Formats - Standard - Time Formats	full	bg	H:mm:ss zzzz	H:mm:ss 'ч'. zzzz	basic
Date & Time	Gregorian	Formats - Standard - Time Formats	long	bg	H:mm:ss z	H:mm:ss 'ч'. z	basic
Date & Time	Gregorian	Formats - Standard - Time Formats	medium	bg	H:mm:ss	H:mm:ss 'ч'.	basic
Date & Time	Gregorian	Formats - Standard - Time Formats	short	bg	H:mm	H:mm 'ч'.	basic
Date & Time	Gregorian	Formats - Standard - Time Formats	full	ca	H:mm:ss zzzz	H:mm:ss (zzzz)	basic
Date & Time	Fields	Date Fields	era	ceb	era	panahon	basic
Numbers	Number Formatting Patterns	Standard Patterns 	standard-percent	ceb	#,#0%	#,##0%	basic
Core Data	Alphabetic Information	Characters in Use	Main Letters	doi	[]	[\u0951\u0952 \u093C \u0901 \u0902 ः ॐ अ आ इ ई उ ऊ ऋ ॠ ऌ ॡ ए ऐ ओ औ क {क\u094Dष} ख ग घ ङ च छ ज झ ञ ट ठ ड {ड\u093C} ढ {ढ\u093C} ण त थ द ध न प फ ब भ म य र ल ळ व श ष स ह ऽ ा ि ी \u0941 \u0942 \u0943 \u0944 \u0962 \u0963 \u0947 \u0948 ो ौ \u094D]	core
Core Data	Numbering Systems	Numbering System	native	doi	latn	deva	basic
Locale Display Names	Languages (A-D)	D	Dogri ► doi	doi	doi	डोगरी	basic
Locale Display Names	Geographic Regions	Unknown Region	ZZ	doi	ZZ	अनजांता खेत्तर	basic
Date & Time	Fields	Date Fields	era	doi	Era	जुग	basic
Date & Time	Fields	Date Fields	year	doi	Year	ब’रा	basic
Date & Time	Fields	Date Fields	month	doi	Month	म्हीना	basic
Date & Time	Fields	Date Fields	week	doi	Week	हफ्ता	basic
Date & Time	Fields	Date Fields	day	doi	Day	दिन	basic
Date & Time	Fields	Date Fields	hour	doi	Hour	घैंटा	basic
Date & Time	Fields	Date Fields	minute	doi	Minute	मिंट्‌ट	basic
Date & Time	Fields	Date Fields	second	doi	Second	सकैंट	basic
Date & Time	Gregorian	Day Periods - wide - Formatting	am	doi	AM	सवेर	basic
Date & Time	Gregorian	Day Periods - wide - Formatting	pm	doi	PM	बाद दपैहर	basic
Date & Time	Gregorian	Day Periods - abbreviated - Formatting	am	doi	AM	सवेर	moderate
Date & Time	Gregorian	Day Periods - abbreviated - Formatting	pm	doi	PM	स’ञ	moderate
Date & Time	Gregorian	Formats - Standard - Date Formats	full	doi	y MMMM d, EEEE	EEEE, d, MMMM y	basic
Date & Time	Gregorian	Formats - Standard - Date Formats	long	doi	y MMMM d	d, MMMM y	basic
Date & Time	Gregorian	Formats - Standard - Date Formats	medium	doi	y MMM d	d, MMM y	basic
Date & Time	Gregorian	Formats - Standard - Date Formats	short	doi	y-MM-dd	d/M/yy	basic
Date & Time	Gregorian	Formats - Standard - Time Formats	full	doi	HH:mm:ss zzzz	h:mm:ss a zzzz	basic
Date & Time	Gregorian	Formats - Standard - Time Formats	long	doi	HH:mm:ss z	h:mm:ss a z	basic
Date & Time	Gregorian	Formats - Standard - Time Formats	medium	doi	HH:mm:ss	h:mm:ss a	basic
Date & Time	Gregorian	Formats - Standard - Time Formats	short	doi	HH:mm	h:mm a	basic
Date & Time	Gregorian	Formats - Flexible - Date Formats	MEd	doi	MM-dd, E	E, d/M	basic
Date & Time	Gregorian	Formats - Flexible - Date Formats	MMMEd	doi	MMM d, E	E, d MMM	basic
Numbers	Number Formatting Patterns	Standard Patterns 	standard-currency	doi	¤ #,##0.00	¤#,##0.00	basic
Date & Time	Gregorian	Day Periods - wide - Formatting	am	es_419	a.m.	a. m.	basic
Date & Time	Gregorian	Day Periods - wide - Formatting	pm	es_419	p.m.	p. m.	basic
Date & Time	Gregorian	Day Periods - abbreviated - Formatting	am	es_419	a.m.	a. m.	moderate
Date & Time	Gregorian	Day Periods - abbreviated - Formatting	pm	es_419	p.m.	p. m.	moderate
Date & Time	Gregorian	Formats - Standard - Time Formats	full	es_MX	H:mm:ss zzzz	HH:mm:ss zzzz	basic
Date & Time	Gregorian	Formats - Standard - Time Formats	long	es_MX	H:mm:ss z	HH:mm:ss z	basic
Date & Time	Gregorian	Formats - Standard - Time Formats	medium	es_MX	H:mm:ss	HH:mm:ss	basic
Date & Time	Gregorian	Formats - Standard - Time Formats	short	es_MX	H:mm	HH:mm	basic
Currencies	North America (C)	Central America: Nicaragua	NIO-name-one	es	córdoba nicaragüense	córdoba oro	basic
Currencies	North America (C)	Central America: Nicaragua	NIO-name-other	es	córdobas nicaragüenses	córdobas oro	basic
Currencies	North America (C)	Central America: Nicaragua	NIO-name	es	córdoba nicaragüense	córdoba oro	basic
Core Data	Alphabetic Information	Characters in Use	Main Letters	gl	[a á b c d e é f g h i í j k l m n ñ o ó p q r s t u ú ü v w x y z]	[a á b c d e é f g h i í ï j k l m n ñ o ó p q r s t u ú ü v w x y z]	core
Date & Time	Fields	Date Fields	era	ha	Zamani	zamani	basic
Date & Time	Fields	Date Fields	year	ha	Shekara	shekara	basic
Date & Time	Fields	Date Fields	month	ha	Wata	wata	basic
Date & Time	Fields	Date Fields	week	ha	Mako	mako	basic
Date & Time	Fields	Date Fields	day	ha	Kwana	kwana	basic
Date & Time	Fields	Date Fields	hour	ha	Awa	awa	basic
Date & Time	Fields	Date Fields	minute	ha	Minti	minti	basic
Date & Time	Fields	Date Fields	second	ha	Daƙiƙa	daƙiƙa	basic
Date & Time	Gregorian	Day Periods - abbreviated - Formatting	am	ha	AM	SF	moderate
Date & Time	Gregorian	Day Periods - abbreviated - Formatting	pm	ha	PM	YM	moderate
Locale Display Names	Languages (E-J)	I	Igbo ► ig	ig	Asụsụ Igbo	Igbo	basic
Core Data	Alphabetic Information	Characters in Use	Main Letters	ja	[々 ゝヽ ゞヾ ー ぁァ あア ぃィ いイ ぅゥ うウ ヴ ぇェ えエ ぉォ おオ ヵ かカ がガ きキ ぎギ くク ぐグ ヶ けケ げゲ こコ ごゴ さサ ざザ しシ じジ すス ずズ せセ ぜゼ そソ ぞゾ たタ だダ ちチ ぢヂ っッ つツ づヅ てテ でデ とト どド なナ にニ ぬヌ ねネ のノ はハ ばバ ぱパ ひヒ びビ ぴピ ふフ ぶブ ぷプ へヘ べベ ぺペ ほホ ぼボ ぽポ まマ みミ むム めメ もモ ゃャ やヤ ゅュ ゆユ ょョ よヨ らラ りリ るル れレ ろロ ゎヮ わワ ゐヰ ゑヱ をヲ んン 一 丁 七 万-下 不 与 且 世 丘 丙 両 並 中 丸 丹 主 久 乏 乗 乙 九 乱 乳 乾 亀 了 予 争 事 二 互 五 井 亜 亡 交 享-亭 人 仁 今 介 仏 仕 他 付 仙 代-以 仮 仰 仲 件 任 企 伏-休 会 伝 伯 伴 伸 伺 似 但 位-佐 体 何 余 作 佳 併 使 例 侍 供 依 価 侮 侯 侵 便 係 促 俊 俗 保 信 修 俳 俵 俸 俺 倉 個 倍 倒 候 借 倣 値 倫 倹 偉 偏 停 健 側-偶 偽 傍 傑 傘 備 催 債 傷 傾 働 像 僕 僚 僧 儀 億 儒 償 優 元-兆 先 光 克 免 児 党 入 全 八-六 共 兵 具 典 兼 内 円 冊 再 冒 冗 写 冠 冬 冷 准 凍 凝 凡 処 凶 凸-出 刀 刃 分-刈 刊 刑 列 初 判 別 利 到 制-券 刺 刻 則 削 前 剖 剛 剣-剥 副 剰 割 創 劇 力 功 加 劣 助 努 励 労 効 劾 勅 勇 勉 動 勘 務 勝 募 勢 勤 勧 勲 包 化 北 匠 匹-医 匿 十 千 升 午 半 卑-協 南 単 博 占 印 危 即-卵 卸 厄 厘 厚 原 厳 去 参 又 及-収 叔 取 受 叙 口-句 叫 召 可-右 号 司 各 合 吉 同-向 君 吟 否 含 吸 吹 呈-告 周 味 呼 命 和 咲 哀 品 員 哲 唆 唇 唐 唯 唱 商 問 啓 善 喚 喜 喝 喪 喫 営 嗣 嘆 嘱 器 噴 嚇 囚 四 回 因 団 困 囲 図 固 国 圏 園 土 圧 在 地 坂 均 坊 坑 坪 垂 型 垣 埋 城 域 執 培 基 埼 堀 堂 堅 堕 堤 堪 報 場 塀 塁 塊 塑 塔 塗 塚 塩 填 塾 境 墓 増 墜 墨 墳 墾 壁 壇 壊 壌 士 壮 声-売 変 夏 夕 外 多 夜 夢 大 天-夫 央 失 奇-奉 奏 契 奔 奥 奨 奪 奮 女 奴 好 如-妄 妊 妙 妥 妨 妹 妻 姉 始 姓 委 姫 姻 姿 威 娘 娠 娯 婆 婚 婦 婿 媒 嫁 嫌 嫡 嬢 子 孔 字 存 孝 季 孤 学 孫 宅 宇-安 完 宗-定 宜 宝 実 客-室 宮 宰 害-家 容 宿 寂 寄 密 富 寒 寛 寝 察 寡 寧 審 寮 寸 寺 対 寿 封 専 射 将 尉-尋 導 小 少 尚 就 尺 尼-局 居 屈 届 屋 展 属 層 履 屯 山 岐 岡 岩 岬 岳 岸 峠 峡 峰 島 崇 崎 崩 川 州 巡 巣 工-巨 差 己 巻 市 布 帆 希 帝 帥 師 席 帯 帰 帳 常 帽 幅 幕 幣 干-年 幸 幹 幻-幾 庁 広 床 序 底 店 府 度 座 庫 庭 庶-庸 廃 廉 廊 延 廷 建 弁 弊 式 弐 弓-引 弟 弦 弧 弱 張 強 弾 当 形 彩 彫 彰 影 役 彼 往 征 径 待 律 後 徐 徒 従 得 御 復 循 微 徳 徴 徹 心 必 忌 忍 志-忙 応 忠 快 念 怒 怖 思 怠 急 性 怪 恋 恐 恒 恥 恨 恩 恭 息 恵 悔 悟 悠 患 悦 悩 悪 悲 悼 情 惑 惜 惨 惰 想 愁 愉 意 愚 愛 感 慈 態 慌 慎 慕 慢 慣 慨 慮 慰 慶 憂 憎 憤 憩 憲 憶 憾 懇 懐 懲 懸 成-戒 戦 戯 戸 戻 房 所 扇 扉 手 才 打 払 扱 扶 批 承 技 抄 把 抑 投 抗 折 抜 択 披 抱 抵 抹 押 抽 担 拍 拐 拒 拓 拘 拙 招 拝 拠 拡 括 拷 拾 持 指 挑 挙 挟 振 挿 捕 捜 捨 据 掃 授 掌 排 掘 掛 採 探 接 控 推 措 掲 描 提 揚 換 握 揮 援 揺 損 搬 搭 携 搾 摂 摘 摩 撃 撤 撮 撲 擁 操 擦 擬 支 改 攻 放 政 故 敏 救 敗 教 敢 散 敬 数 整 敵 敷 文 斉 斎 斗 料 斜 斤 斥 断 新 方 施 旅 旋 族 旗 既 日 旧-早 旬 昆 昇 明 易 昔 星 映 春 昨 昭 是 昼 時 晩 普 景 晴 晶 暁 暇 暑 暖 暗 暦 暫 暮 暴 曇 曜 曲 更 書 曹 替 最 月 有 服 朕 朗 望 朝 期 木 未-札 朱 朴 机 朽 杉 材 村 束 条 来 杯 東 松 板 析 林 枚 果 枝 枠 枢 枯 架 柄 某 染 柔 柱 柳 査 栄 栓 校 株 核 根 格 栽 桃 案 桑 桜 桟 梅 械 棄 棋 棒 棚 棟 森 棺 植 検 業 極 楼 楽 概 構 様 槽 標 模 権 横 樹 橋 機 欄 欠 次 欧 欲 欺 款 歌 歓 止 正 武 歩 歯 歳 歴 死 殉-残 殖 殴 段 殺 殻 殿 母 毎 毒 比 毛 氏 民 気 水 氷 永 汁 求 汎 汗 汚 江 池 決 汽 沈 沖 没 沢 河 沸 油 治 沼 沿 況 泉 泊 泌 法 泡-泣 泥 注 泰 泳 洋 洗 洞 津 洪 活 派 流 浄 浅 浜 浦 浪 浮 浴 海 浸 消 涙 涯 液 涼 淑 淡 深 混 添 清 渇-渉 渋 渓 減 渡 渦 温 測 港 湖 湯 湾-満 源 準 溝 溶 滅 滋 滑 滝 滞 滴 漁 漂 漆 漏 演 漠 漢 漫 漬 漸 潔 潜 潟 潤 潮 澄 激 濁 濃 濫 濯 瀬 火 灯 灰 災 炉 炊 炎 炭 点 為 烈 無 焦 然 焼 煙 照 煩 煮 熟 熱 燃 燥 爆 爵 父 片 版 牙 牛 牧 物 牲 特 犠 犬 犯 状 狂 狩 独 狭 猛 猟 猫 献 猶 猿 獄 獣 獲 玄 率 玉 王 珍 珠 班 現 球 理 琴 環 璽 瓶 甘 甚 生 産 用 田-申 男 町 画 界 畑 畔 留 畜 畝 略 番 異 畳 疎 疑 疫 疲 疾 病 症 痘 痛 痢 痴 療 癒 癖 発 登 白 百 的 皆 皇 皮 皿 盆 益 盗 盛 盟 監 盤 目 盲 直 相 盾 省 看 県 真 眠 眺 眼 着 睡 督 瞬 矛 矢 知 短 矯 石 砂 研 砕 砲 破 硝 硫 硬 碁 碑 確 磁 磨 礁 礎 示 礼 社 祈 祉 祖 祝 神 祥 票 祭 禁 禅 禍 福 秀 私 秋 科 秒 秘 租 秩 称 移 程 税 稚 種 稲 稼 稿 穀 穂 積 穏 穫 穴 究 空 突 窃 窒 窓 窮 窯 立 竜 章 童 端 競 竹 笑 笛 符 第 筆 等 筋 筒 答 策 箇 算 管 箱 節 範 築 篤 簡 簿 籍 米 粉 粋 粒 粗 粘 粛 粧 精 糖 糧 糸 系 糾 紀 約 紅 紋 納 純 紙-紛 素-索 紫 累 細 紳 紹 紺 終 組 経 結 絞 絡 給 統 絵 絶 絹 継 続 維 綱 網 綿 緊 総 緑 緒 線 締 編 緩 緯 練 縁 縄 縛 縦 縫 縮 績 繁 繊 織 繕 繭 繰 缶 罪 置 罰 署 罷 羅 羊 美 群 義 羽 翁 翌 習 翻 翼 老 考 者 耐 耕 耗 耳 聖 聞 聴 職 肉 肌 肖 肝 肢 肥 肩 肪 肯 育 肺 胃 胆 背 胎 胞 胴 胸 能 脂 脅 脈 脚 脱 脳 腐 腕 腰 腸 腹 膚 膜 膨 臓 臣 臨 自 臭 至 致 興 舌 舎 舗 舞 舟 航 般 舶 船 艇 艦 良 色 芋 芝 花 芳 芸 芽 苗 若 苦 英 茂 茎 茶 草 荒 荘 荷 菊 菌 菓 菜 華 落 葉 著 葬 蒸 蓄 蔵 薄 薦 薪-薬 藤 藩 藻 虎 虐 虚 虜 虞 虫 蚊 蚕 蛇 蛍 蛮 融 血 衆 行 術 街 衛 衝 衡 衣 表 衰 衷 袋 被 裁 裂 装 裏 裕 補 裸 製 複 褐 褒 襟 襲 西 要 覆 覇 見 規 視 覚 覧 親 観 角 解 触 言 訂 計 討 訓 託 記 訟 訪 設 許 訳 訴 診 証 詐 詔 評 詞 詠 試 詩 詰-詳 誇 誉 誌 認 誓 誕 誘 語 誠 誤 説 読 誰 課 調 談 請 論 諭 諮 諸 諾 謀 謁 謄 謙 講 謝 謡 謹 識 譜 警 議 譲 護 谷 豆 豊 豚 象 豪 貝 貞 負-貢 貧-販 貫 責 貯 貴 買 貸 費 貿 賀 賃 賄 資 賊 賓 賛 賜 賞 賠 賢 賦 質 購 贈 赤 赦 走 赴 起 超 越 趣 足 距 跡 路 跳 践 踊 踏 躍 身 車 軌 軍 軒 軟 転 軸 軽 較 載 輝 輩 輪 輸 轄 辛 辞 辱 農 辺 込 迅 迎 近 返 迫 迭 述 迷 追 退 送 逃 逆 透 逐 逓 途 通 逝 速 造 連 逮 週 進 逸 遂 遅 遇 遊 運 遍 過 道-違 遠 遣 適 遭 遮 遵 遷 選 遺 避 還 邦 邪 邸 郊 郎 郡 部 郭 郵 郷 都 酌 配 酒 酔 酢 酪 酬 酵 酷 酸 醜 醸 釈 里-量 金 針 釣 鈍 鈴 鉄 鉛 鉢 鉱 銀 銃 銅 銘 銭 鋭 鋳 鋼 錠 錬 錯 録 鍛 鎖 鎮 鏡 鐘 鑑 長 門 閉 開 閑 間 関 閣 閥 閲 闘 阪 防 阻 附 降 限 陛 院-陥 陪 陰 陳 陵 陶 陸 険 陽 隅 隆 隊 階 随 隔 際 障 隠 隣 隷 隻 雄-雇 雌 雑 離 難 雨 雪 雰 雲 零 雷 電 需 震 霊 霜 霧 露 青 静 非 面 革 靴 韓 音 韻 響 頂 頃 項 順 預-頒 領 頬 頭 頻 頼 題 額 顔 顕 願 類 顧 風 飛 食 飢 飯 飲 飼-飾 養 餓 館 首 香 馬 駄-駆 駐 騎 騒 験 騰 驚 骨 髄 高 髪 鬼 魂 魅 魔 魚 鮮 鯨 鳥 鳴 鶏 鹿 麗 麦 麻 黄 黒 黙 鼓 鼻 齢]	[々 ゝヽ ゞヾ ー ぁァ あア ぃィ いイ ぅゥ うウ ヴ ぇェ えエ ぉォ おオ ヵ かカ がガ きキ ぎギ くク ぐグ ヶ けケ げゲ こコ ごゴ さサ ざザ しシ じジ すス ずズ せセ ぜゼ そソ ぞゾ たタ だダ ちチ ぢヂ っッ つツ づヅ てテ でデ とト どド なナ にニ ぬヌ ねネ のノ はハ ばバ ぱパ ひヒ びビ ぴピ ふフ ぶブ ぷプ へヘ べベ ぺペ ほホ ぼボ ぽポ まマ みミ むム めメ もモ ゃャ やヤ ゅュ ゆユ ょョ よヨ らラ りリ るル れレ ろロ ゎヮ わワ ゐヰ ゑヱ をヲ んン 一 丁 七 万-下 不 与 且 世 丘 丙 両 並 中 串 丸 丹 主 丼 久 乏 乗 乙 九 乞 乱 乳 乾 亀 了 予 争 事 二 互 五 井 亜 亡 交 享-亭 人 仁 今 介 仏 仕 他 付 仙 代-以 仮 仰 仲 件 任 企 伎-休 会 伝 伯 伴 伸 伺 似 但 位-佐 体 何 余 作 佳 併 使 例 侍 供 依 価 侮 侯 侵 侶 便 係 促 俊 俗 保 信 修 俳 俵 俸 俺 倉 個 倍 倒 候 借 倣 値 倫 倹 偉 偏 停 健 側-偶 偽 傍 傑 傘 備 催 傲 債 傷 傾 僅 働 像 僕 僚 僧 儀 億 儒 償 優 元-兆 先 光 克 免 児 党 入 全 八-六 共 兵 具 典 兼 内 円 冊 再 冒 冗 写 冠 冥 冬 冶 冷 凄 准 凍 凝 凡 処 凶 凸-出 刀 刃 分-刈 刊 刑 列 初 判 別 利 到 制-刻 則 削 前 剖 剛 剣-剥 副 剰 割 創 劇 力 功 加 劣 助 努 励 労 効 劾 勃 勅 勇 勉 動 勘 務 勝 募 勢 勤 勧 勲 勾 匂 包 化 北 匠 匹-医 匿 十 千 升 午 半 卑-協 南 単 博 占 印 危 即-卵 卸 厄 厘 厚 原 厳 去 参 又 及-収 叔 取 受 叙 口-句 叫 召 可-右 号 司 各 合 吉 同-向 君 吟 否 含 吸 吹 呂 呈-告 周 呪 味 呼 命 和 咲 咽 哀 品 員 哲 哺 唄 唆 唇 唐 唯 唱 唾 商 問 啓 善 喉 喚 喜 喝 喩-喫 営 嗅 嗣 嘆 嘱 嘲 器 噴 嚇 囚 四 回 因 団 困 囲 図 固 国 圏 園 土 圧 在 地 坂 均 坊 坑 坪 垂 型 垣 埋 城 域 執 培 基 埼 堀 堂 堅 堆 堕 堤 堪 報 場 塀 塁 塊 塑 塔 塗 塚 塞 塩 填 塾 境 墓 増 墜 墨 墳 墾 壁 壇 壊 壌 士 壮 声-売 変 夏 夕 外 多 夜 夢 大 天-夫 央 失 奇-奉 奏 契 奔 奥 奨 奪 奮 女 奴 好 如-妄 妊 妖 妙 妥 妨 妬 妹 妻 姉 始 姓 委 姫 姻 姿 威 娘 娠 娯 婆 婚 婦 婿 媒 媛 嫁 嫉 嫌 嫡 嬢 子 孔 字 存 孝 季 孤 学 孫 宅 宇-安 完 宗-宝 実 客-室 宮 宰 害-家 容 宿 寂 寄 密 富 寒 寛 寝 察 寡 寧 審 寮 寸 寺 対 寿 封 専 射 将 尉-尋 導 小 少 尚 就 尺-局 居 屈 届 屋 展 属 層 履 屯 山 岐 岡 岩 岬 岳 岸 峠 峡 峰 島 崇 崎 崖 崩 嵐 川 州 巡 巣 工-巨 差 己 巻 巾 市 布 帆 希 帝 帥 師 席 帯 帰 帳 常 帽 幅 幕 幣 干-年 幸 幹 幻-幾 庁 広 床 序 底 店 府 度 座 庫 庭 庶-庸 廃 廉 廊 延 廷 建 弁 弄 弊 式 弐 弓-引 弟 弥-弧 弱 張 強 弾 当 彙 形 彩 彫 彰 影 役 彼 往 征 径 待 律 後 徐 徒 従 得 御 復 循 微 徳 徴 徹 心 必 忌 忍 志-忙 応 忠 快 念 怒 怖 思 怠 急 性 怨 怪 恋 恐 恒 恣 恥 恨 恩 恭 息 恵 悔 悟 悠 患 悦 悩 悪 悲 悼 情 惑 惜 惧 惨 惰 想 愁 愉 意 愚 愛 感 慄 慈 態 慌 慎 慕 慢 慣 慨 慮 慰 慶 憂 憎 憤 憧 憩 憬 憲 憶 憾 懇 懐 懲 懸 成-戒 戚 戦 戯 戴 戸 戻 房 所 扇 扉 手 才 打 払 扱 扶 批 承 技 抄 把 抑 投 抗 折 抜 択 披 抱 抵 抹 押 抽 担 拉 拍 拐 拒 拓 拘 拙 招 拝 拠 拡 括 拭 拳 拶 拷 拾 持 指 挑 挙 挟 挨 挫 振 挿 捉 捕 捗 捜 捨 据 捻 掃 授 掌 排 掘 掛 採 探 接 控 推 措 掲 描 提 揚 換 握 揮 援 揺 損 搬 搭 携 搾 摂 摘 摩 摯 撃 撤 撮 撲 擁 操 擦 擬 支 改 攻 放 政 故 敏 救 敗 教 敢 散 敬 数 整 敵 敷 文 斉 斎 斑 斗 料 斜 斤 斥 斬 断 新 方 施 旅 旋 族 旗 既 日-早 旬 旺 昆 昇 明 易 昔 星 映 春 昧 昨 昭 是 昼 時 晩 普 景 晴 晶 暁 暇 暑 暖 暗 暦 暫 暮 暴 曇 曖 曜 曲 更 書 曹 曽 替 最 月 有 服 朕 朗 望 朝 期 木 未-札 朱 朴 机 朽 杉 材 村 束 条 来 杯 東 松 板 析 枕 林 枚 果 枝 枠 枢 枯 架 柄 某 染 柔 柱 柳 柵 査 柿 栃 栄 栓 校 株 核 根 格 栽 桁 桃 案 桑 桜 桟 梅 梗 梨 械 棄 棋 棒 棚 棟 森 棺 椅 植 椎 検 業 極 楷 楼 楽 概 構 様 槽 標 模 権 横 樹 橋 機 欄 欠 次 欧 欲 欺 款 歌 歓 止 正 武 歩 歯 歳 歴 死 殉-残 殖 殴 段 殺 殻 殿 毀 母 毎 毒 比 毛 氏 民 気 水 氷 永 氾 汁 求 汎 汗 汚 江 池 汰 決 汽 沃 沈 沖 沙 没 沢 河 沸 油 治 沼 沿 況 泉 泊 泌 法 泡-泣 泥 注 泰 泳 洋 洗 洞 津 洪 活 派 流 浄 浅 浜 浦 浪 浮 浴 海 浸 消 涙 涯 液 涼 淑 淡 淫 深 混 添 清 渇-渉 渋 渓 減 渡 渦 温 測 港 湖 湧 湯 湾-満 源 準 溝 溶 溺 滅 滋 滑 滝 滞 滴 漁 漂 漆 漏 演 漠 漢 漫 漬 漸 潔 潜 潟 潤 潮 潰 澄 激 濁 濃 濫 濯 瀬 火 灯 灰 災 炉 炊 炎 炭 点 為 烈 無 焦 然 焼 煎 煙 照 煩 煮 熊 熟 熱 燃 燥 爆 爪 爵 父 爽 片 版 牙 牛 牧 物 牲 特 犠 犬 犯 状 狂 狙 狩 独 狭 猛 猟 猫 献 猶 猿 獄 獣 獲 玄 率 玉 王 玩 珍 珠 班 現 球 理 琴 瑠 璃 璧 環 璽 瓦 瓶 甘 甚 生 産 用 田-申 男 町 画 界 畏 畑 畔 留 畜 畝 略 番 異 畳 畿 疎 疑 疫 疲 疾 病 症 痕 痘 痛 痢 痩 痴 瘍 療 癒 癖 発 登 白 百 的 皆 皇 皮 皿 盆 益 盗 盛 盟 監 盤 目 盲 直 相 盾 省 眉 看 県 真 眠 眺 眼 着 睡 督 睦 瞬 瞭 瞳 矛 矢 知 短 矯 石 砂 研 砕 砲 破 硝 硫 硬 碁 碑 確 磁 磨 礁 礎 示 礼 社 祈 祉 祖 祝 神 祥 票 祭 禁 禅 禍 福 秀 私 秋 科 秒 秘 租 秩 称 移 程 税 稚 種 稲 稼 稽 稿 穀 穂 積 穏 穫 穴 究 空 突 窃 窒 窓 窟 窮 窯 立 竜 章 童 端 競 竹 笑 笛 符 第 筆 等 筋 筒 答 策 箇 箋 算 管 箱 箸 節 範 築 篤 簡 簿 籍 籠 米 粉 粋 粒 粗 粘 粛 粧 精 糖 糧 糸 系 糾 紀 約 紅 紋 納 純 紙-紛 素-索 紫 累 細 紳 紹 紺 終 組 経 結 絞 絡 給 統 絵 絶 絹 継 続 維 綱 網 綻 綿 緊 総 緑 緒 線 締 編 緩 緯 練 緻 縁 縄 縛 縦 縫 縮 績 繁 繊 織 繕 繭 繰 缶 罪 置 罰 署 罵 罷 羅 羊 美 羞 群 羨 義 羽 翁 翌 習 翻 翼 老 考 者 耐 耕 耗 耳 聖 聞 聴 職 肉 肌 肖 肘 肝 股 肢 肥 肩 肪 肯 育 肺 胃 胆 背 胎 胞 胴 胸 能 脂 脅 脇 脈 脊 脚 脱 脳 腎 腐 腕 腫 腰 腸-腺 膚 膜 膝 膨 膳 臆 臓 臣 臨 自 臭 至 致 臼 興 舌 舎 舗 舞 舟 航 般 舶 舷 船 艇 艦 良 色 艶 芋 芝 芯 花 芳 芸 芽 苗 苛 若 苦 英 茂 茎 茨 茶 草 荒 荘 荷 菊 菌 菓 菜 華 萎 落 葉 著 葛 葬 蒸 蓄 蓋 蔑 蔵 蔽 薄 薦 薪-薬 藍 藤 藩 藻 虎 虐 虚 虜 虞 虫 虹 蚊 蚕 蛇 蛍 蛮 蜂 蜜 融 血 衆 行 術 街 衛 衝 衡 衣 表 衰 衷 袋 袖 被 裁 裂 装 裏 裕 補 裸 製 裾 複 褐 褒 襟 襲 西 要 覆 覇 見 規 視 覚 覧 親 観 角 解 触 言 訂 訃 計 討 訓 託 記 訟 訪 設 許 訳 訴 診 証 詐 詔 評 詞 詠 詣 試 詩 詮 詰-詳 誇 誉 誌 認 誓 誕 誘 語 誠 誤 説 読 誰 課 調 談 請 論 諦 諧 諭 諮 諸 諾 謀 謁 謄 謎 謙 講 謝 謡 謹 識 譜 警 議 譲 護 谷 豆 豊 豚 象 豪 貌 貝 貞 負-貢 貧-責 貯 貴 買 貸 費 貼 貿 賀 賂-賄 資 賊 賓 賛 賜 賞 賠 賢 賦 質 賭 購 贈 赤 赦 走 赴 起 超 越 趣 足 距 跡 路 跳 践 踊 踏 踪 蹴 躍 身 車 軌 軍 軒 軟 転 軸 軽 較 載 輝 輩 輪 輸 轄 辛 辞 辣 辱 農 辺 込 迅 迎 近 返 迫 迭 述 迷 追 退 送 逃 逆 透 逐 逓 途 通 逝 速 造 連 逮 週 進 逸 遂 遅 遇 遊 運 遍 過 道-違 遜 遠 遡 遣 適 遭 遮 遵 遷 選 遺 避 還 那 邦 邪 邸 郊 郎 郡 部 郭 郵 郷 都 酌-酎 酒 酔 酢 酪 酬 酵 酷 酸 醒 醜 醸 采 釈 里-量 金 釜 針 釣 鈍 鈴 鉄 鉛 鉢 鉱 銀 銃 銅 銘 銭 鋭 鋳 鋼 錠 錦 錬 錮 錯 録 鍋 鍛 鍵 鎌 鎖 鎮 鏡 鐘 鑑 長 門 閉 開 閑 間 関 閣 閥 閲 闇 闘 阜 阪 防 阻 附 降 限 陛 院-陥 陪 陰 陳 陵 陶 陸 険 陽 隅 隆 隊 階 随 隔 隙 際 障 隠 隣 隷 隻 雄-雇 雌 雑 離 難 雨 雪 雰 雲 零 雷 電 需 震 霊 霜 霧 露 青 静 非 面 革 靴 韓 音 韻 響 頂 頃 項 順 須 預-頓 領 頬 頭 頻 頼 題-顎 顔 顕 願 類 顧 風 飛 食 飢 飯 飲 飼-飾 餅 養 餌 餓 館 首 香 馬 駄-駆 駐 駒 騎 騒 験 騰 驚 骨 骸 髄 高 髪 鬱 鬼 魂 魅 魔 魚 鮮 鯨 鳥 鳴 鶏 鶴 鹿 麓 麗 麦 麺 麻 黄 黒 黙 鼓 鼻 齢]	core
Date & Time	Gregorian	Formats - Standard - Date Formats	medium	kok	dd-MM-y	d-MMM-y	basic
Date & Time	Gregorian	Formats - Flexible - Date Formats	MEd	kok	MM-dd, E	d-M, E	basic
Date & Time	Gregorian	Formats - Flexible - Date Formats	MMMEd	kok	MMM d, E	E, d MMM	basic
Date & Time	Gregorian	Day Periods - wide - Formatting	am	mr	म.पू.	AM	basic
Date & Time	Gregorian	Day Periods - wide - Formatting	pm	mr	म.उ.	PM	basic
Date & Time	Gregorian	Day Periods - abbreviated - Formatting	am	mr	म.पू.	AM	moderate
Date & Time	Gregorian	Day Periods - abbreviated - Formatting	pm	mr	म.उ.	PM	moderate
Core Data	Alphabetic Information	Characters in Use	Main Letters	ms	[a {ai} {au} b c d {dz} e f g h i j k {kh} l m n {ng} {ngg} {ny} o p q r s {sy} t {ts} u {ua} v w x y z]	[a b c d e f g h i j k l m n o p q r s t u v w x y z]	core
Locale Display Names	Languages (K-N)	N	Norwegian Nynorsk ► nn	nn	nynorsk	norsk nynorsk	basic
Currencies	Eastern Asia (C)	Eastern Asia: Macao SAR China	MOP-name-one	pt	Pataca de Macau	Pataca macaense	basic
Currencies	Eastern Asia (C)	Eastern Asia: Macao SAR China	MOP-name-other	pt	Patacas de Macau	Patacas macaenses	basic
Currencies	Eastern Asia (C)	Eastern Asia: Macao SAR China	MOP-name	pt	Pataca de Macau	Pataca macaense	basic
Core Data	Alphabetic Information	Characters in Use	Main Letters	sa	[]	[\u0951\u0952 \u093C \u0901 \u0902 ः ॐ अ आ इ ई उ ऊ ऋ ॠ ऌ ॡ ए ऐ ओ औ क ख ग घ ङ च छ ज झ ञ ट ठ ड ढ ण त थ द ध न प फ ब भ म य र ल ळ व श ष स ह ऽ ा ि ी \u0941 \u0942 \u0943 \u0944 \u0962 \u0963 \u0947 \u0948 ो ौ \u094D]	core
Core Data	Numbering Systems	Numbering System	default	sa	latn	deva	basic
Core Data	Numbering Systems	Numbering System	native	sa	latn	deva	basic
Locale Display Names	Languages (O-S)	S	Sanskrit ► sa	sa	sa	संस्कृत भाषा	basic
Locale Display Names	Geographic Regions	Unknown Region	ZZ	sa	ZZ	अज्ञात क्षेत्र:	basic
Date & Time	Fields	Date Fields	era	sa	Era	युग	basic
Date & Time	Fields	Date Fields	year	sa	Year	वर्ष:	basic
Date & Time	Fields	Date Fields	month	sa	Month	मास:	basic
Date & Time	Fields	Date Fields	week	sa	Week	सप्ताह:	basic
Date & Time	Fields	Date Fields	day	sa	Day	वासर:	basic
Date & Time	Fields	Date Fields	hour	sa	Hour	होरा	basic
Date & Time	Fields	Date Fields	minute	sa	Minute	निमेष	basic
Date & Time	Fields	Date Fields	second	sa	Second	क्षण	basic
Date & Time	Gregorian	Day Periods - wide - Formatting	am	sa	AM	पूर्वाह्न	basic
Date & Time	Gregorian	Day Periods - wide - Formatting	pm	sa	PM	अपराह्न	basic
Date & Time	Gregorian	Formats - Standard - Date Formats	full	sa	y MMMM d, EEEE	EEEE, d MMMM y	basic
Date & Time	Gregorian	Formats - Standard - Date Formats	long	sa	y MMMM d	d MMMM y	basic
Date & Time	Gregorian	Formats - Standard - Date Formats	medium	sa	y MMM d	d MMM y	basic
Date & Time	Gregorian	Formats - Standard - Date Formats	short	sa	y-MM-dd	d/M/yy	basic
Date & Time	Gregorian	Formats - Standard - Time Formats	full	sa	HH:mm:ss zzzz	h:mm:ss a zzzz	basic
Date & Time	Gregorian	Formats - Standard - Time Formats	long	sa	HH:mm:ss z	h:mm:ss a z	basic
Date & Time	Gregorian	Formats - Standard - Time Formats	medium	sa	HH:mm:ss	h:mm:ss a	basic
Date & Time	Gregorian	Formats - Standard - Time Formats	short	sa	HH:mm	h:mm a	basic
Date & Time	Gregorian	Formats - Flexible - Date Formats	MEd	sa	MM-dd, E	E, d/M	basic
Date & Time	Gregorian	Formats - Flexible - Date Formats	MMMEd	sa	MMM d, E	E, d MMM	basic
Numbers	Number Formatting Patterns	Standard Patterns 	standard-decimal	sa	#,##0.###	#,##,##0.###	basic
Numbers	Number Formatting Patterns	Standard Patterns 	standard-currency	sa	¤ #,##0.00	¤#,##,##0.00	basic
Numbers	Number Formatting Patterns	Standard Patterns 	standard-percent	sa	#,##0%	#,##,##0%	basic
Date & Time	Gregorian	Day Periods - wide - Formatting	am	sat	ᱥᱤᱧ/ᱥᱮᱛᱟᱜ	ᱥᱮᱛᱟᱜ	basic
Date & Time	Gregorian	Day Periods - wide - Formatting	pm	sat	ᱟᱹᱭᱩᱵ/ᱧᱤᱫᱟ	ᱧᱤᱫᱟᱹ	basic
Date & Time	Fields	Date Fields	era	sd_Deva	Era	दौर	basic
Date & Time	Fields	Date Fields	year	sd_Deva	Year	साल	basic
Date & Time	Fields	Date Fields	minute	sd_Deva	Minute	मिंटु	basic
Core Data	Alphabetic Information	Characters in Use	Main Letters	so	[a b c d e f g h i j k l m n o p q r s t u v w x y z]	[b c d f g h j k l m n q r s t w x y]	core
Locale Display Names	Geographic Regions	Unknown Region	ZZ	su	Wilayah Teu Dipikaterang	Wilayah Teu Dikenal	basic
Numbers	Number Formatting Patterns	Standard Patterns 	standard-currency	su	¤ #,##0.00	¤#,##0.00	basic
Date & Time	Gregorian	Formats - Standard - Time Formats	full	sv	'kl'. HH:mm:ss zzzz	HH:mm:ss zzzz	basic
Currencies	Southern/Eastern Europe	Eastern Europe: Ukraine	UAH-name-one	uk	гривня	українська гривня	basic
Currencies	Southern/Eastern Europe	Eastern Europe: Ukraine	UAH-name-few	uk	гривні	українські гривні	basic
Currencies	Southern/Eastern Europe	Eastern Europe: Ukraine	UAH-name-many	uk	гривень	українських гривень	basic
Currencies	Southern/Eastern Europe	Eastern Europe: Ukraine	UAH-name-other	uk	гривні	української гривні	basic
Core Data	Alphabetic Information	Characters in Use	Main Letters	ur	‫[ا أ آ ب پ ت ٹ ث ج چ ح خ د ڈ ذ ر ڑ ز ژ س ش ص ض ط ظ ع غ ف ق ک گ ل م ن ں و ؤ ہ ۂ ھ ء ی ئ ے ة ه]‬	‫[ا ب پ ت ٹ ث ج چ ح خ د ڈ ذ ر ڑ ز ژ س ش ص ض ط ظ ع غ ف ق ک گ ل م ن و ہ ھ ء ی ے]‬	core
Core Data	Alphabetic Information	Characters in Use	Main Letters	yo	[a á à b d e é è ẹ {ẹ\u0301} {ẹ\u0300} f g {gb} h i í ì j k l m n o ó ò ọ {ọ\u0301} {ọ\u0300} p r s ṣ t u ú ù w y]	[a á à b d e é è ẹ {ẹ\u0301} {ẹ\u0300} f g {gb} h i í ì j k l m n ń o ó ò ọ {ọ\u0301} {ọ\u0300} p r s ṣ t u ú ù w y]	core
Locale Display Names	Territories (Africa)	Western Africa	NG	yo	Orilẹ̀-èdè Nàìjíríà	Nàìjíríà	basic
Date & Time	Fields	Date Fields	era	yo	Ìgbà	sáà	basic
Currencies	Western Africa	Western Africa: Nigeria	NGN-name	yo	Náìrà ti Orílẹ̀-èdè Nàìjíríà	Náírà Nàìjíríà	basic
Core Data	Alphabetic Information	Characters in Use	Main Letters	yue	[一 丁 七 丈-不 丑 且 世 丘 丙 丟 並 中 串 丸 丹 主 乃 久 么 之 乎 乏 乖 乘 乙 九 也 乾 亂 了 予 事 二 于 云 互 五 井 些 亞 亡 交-亦 亨 享 京 亮 人 什 仁 仇 今 介 仍 仔 他 付 仙 代-以 仰 仲 件 任 份 企 伊 伍 伐 休 伙 伯 估 伴 伸 似 伽 但 佈 佉 位-住 佔 何 余 佛 作 你 佩 佳 使 來 例 供 依 侯 侵 便 係-俄 俊 俗 保 俠 信 修 俱 俾 個 倍 們 倒 候 倚 借 倫 值 假 偉 偏 做 停 健 側-偷 傑 備 傢 傣 傲 傳 傷 傻 傾 僅 像 僑 僧 價 儀 億 儒 儘 優 允 元-充 兇-光 克 免 兒 兔 入 內-兩 八-兮 共 兵-典 兼 冊 再 冒 冠 冬 冰 冷 准 凌 凝 凡 凰 凱 出 函 刀 分 切 刊 列 初 判 別 利 刪 到 制 刷 刺 刻 則 剌 前 剛 剩 剪 副 割 創 劃 劇 劉 劍 力 功 加 助-劫 勁 勇 勉 勒 動 務 勝 勞 勢 勤 勵 勸 勿 包 匈 化 北 匹 區 十 千 升 午 半 卒-協 南 博 卜 卡 卯-危 即 卷 卻 厄 厘 厚 原 厭 厲 去 參 又 及 友 反 叔 取 受 口-另 只-叭 可 台 史 右 司 吃 各 合-吊 同-后 吐-吒 君 吝-吠 否 吧 含 吳 吵 吸 吹 吾 呀 呂 呆 告 呢 周 味 呵 呼 命 和 咖 咦 咧 咪 咬 咱 哀 品 哇-哉 哎 員 哥 哦 哩 哪 哭 哲 唉 唐 唔 唬 售 唯 唱 唷 唸 商 啊 問 啟 啡 啥 啦 啪 喀 喂 善 喇 喊 喔 喜 喝 喬 單 喵 嗎 嗚 嗨 嗯 嘆 嘉 嘗 嘛 嘴 嘻 嘿 器 噴 嚇 嚴 囉 四 回 因 困 固 圈 國 圍 園 圓 圖 團 圜 土 在 圭 地 圾 址 均 坎 坐 坡 坤 坦 坪 垂 垃 型 埃 城 埔 域 執 培 基 堂 堅 堆 堡 堪 報 場 塊 塔 塗 塞 填 塵 境 增 墨 墮 壁 壇 壓 壘 壞 壢 士 壬 壯 壽 夏 夕 外 多 夜 夠 夢 夥 大 天-夫 央 失 夷 夸 夾 奇-奉 奎 奏 契 奔 套 奧 奪 奮 女 奴 奶 她 好 如 妙 妝 妥 妨 妮 妳 妹 妻 姆 姊 始 姐 姑 姓 委 姿 威 娃 娘 娛 婁 婆 婚 婦 媒 媽 嫌 嫩 子 孔 字 存 孝 孟 季 孤 孩 孫 學 它 宅 宇-安 宋 完 宏 宗-宜 客-室 宮 害 家 容 宿 寂 寄-密 富 寒 寞 察 寢 實-審 寫 寬 寮 寵 寶 封 射 將 專 尊 尋 對-小 少 尖 尚 尤 就 尺 尼 尾 局 屁 居 屆 屋 屏 展 屠 層 屬 山 岡 岩 岸 峰 島 峽 崇 崙 崴 嵐 嶺 川 州 巡 工-巨 巫 差 己-巴 巷 市 布 希 帕 帖 帛 帝 帥 師 席 帳 帶 常 帽 幅 幕 幣 幫 干-年 幸 幹 幻-幾 庇 床 序 底 店 庚 府 度 座 庫 庭 康 庸 廉 廖 廠 廢 廣 廳 延 廷 建 弄 式 引 弗 弘 弟 弦 弱 張 強 彈 彊 彌 彎 彝 彞 形 彥 彩 彬 彭 彰 影 役 彼 往 征 待 很 律 後 徐-徒 得 從 復 微 徵 德 徹 心 必 忌 忍 志-忙 忠 快 念 忽 怎 怒 怕 怖 思 怡 急 性 怨 怪 恆 恐 恢 恥 恨 恩 恭 息 恰 悅 悉 悔 悟 悠 您 悲 悶 情 惑 惜 惠 惡 惱 想 惹 愁 愈 愉 意 愚 愛 感 慈 態 慕 慘 慢 慣 慧 慮 慰 慶 慾 憂 憐 憑 憲 憶 憾 懂 應 懶 懷 懼 戀 戈 戊 戌 成-戒 或 截 戰 戲 戴 戶 房-扁 扇 手 才 扎 打 托 扣 扥 扭 扯 批 找-技 抄 把 抓 投 抗 折 披 抬 抱 抵 抹 抽 拆 拉 拋 拍 拏 拒 拔 拖 招 拜 括 拳 拼 拾 拿 持 指 按 挑 挖 挪 振 挺 捐 捕 捨 捲 捷 掃 授 掉 掌 排 掛 採 探 接 控 推 措 描 提 插 揚 換 握 揮 援 損 搖 搜 搞 搬 搭 搶 摘 摩 摸 撐 撒 撞 撣 撥 播 撾 撿 擁 擇 擊 擋 操 擎 擔 據 擠 擦 擬 擴 擺 擾 攝 支 收 改 攻 放 政 故 效 敍 敏 救 敗-教 敝 敢 散 敦 敬 整 敵 數 文 斐 斗 料 斯 新 斷 方 於 施 旁 旅 旋 族 旗 既 日 旦 早 旭 旺 昂 昆 昇 昌 明 昏 易 星 映 春 昨 昭 是 時 晉 晒 晚 晨 普 景 晴 晶 智 暑 暖 暗 暫 暴 曆 曉 曰 曲 更 書 曼 曾-最 會 月 有 朋 服 朗 望 朝 期 木 未-札 朱 朵 杉 李 材 村 杜 束 杯-東 松 板 析 林 果 枝 架 柏 某 染 柔 查 柬 柯 柳 柴 校 核 根 格 桃 案 桌 桑 梁 梅 條 梨 梯 械 梵 棄 棉 棋 棒 棚 森 椅 植 椰 楊 楓 楚 業 極 概 榜 榮 構 槍 樂 樓 標 樞 模 樣 樹 橋 機 橫 檀 檔 檢 欄 權 次 欣 欲 欺 欽 款 歉 歌 歐 歡-武 歲 歷 歸 死 殊 殘 段 殺 殼 毀 毅 母 每 毒 比 毛 毫 氏 民 氣 水 永 求 汗 汝 江-污 汪 汶 決 汽 沃 沈 沉 沒 沖 沙 河 油 治 沿 況 泉 泊 法 泡 波 泥 注 泰 泳 洋 洗 洛 洞 洩 洪 洲 活 洽 派 流 浦 浩 浪 浮 海 涇-涉 涯 液 涵 涼 淑 淚 淡 淨 深 混 淺 清 減 渡 測 港 游 湖 湯 源 準 溝 溪 溫 滄 滅 滋 滑 滴 滾 滿 漂 漏 演 漠 漢 漫 漲 漸 潔 潘 潛 潮 澤 澳 激 濃 濟 濤 濫 濱 瀏 灌 灣 火 灰 災 炎 炮 炸 為 烈 烏 烤 無 焦 然 煙 煞 照 煩 熊 熟 熱 燃 燈 燒 營 爆 爐 爛 爪 爬 爭 爵 父 爸 爺 爽 爾 牆-版 牌 牙 牛 牠 牧 物 牲 特 牽 犧 犯 狀 狂 狐 狗 狠 狼 猛 猜 猴 猶 獄 獅 獎 獨 獲 獸 獻 玄 率 玉 王 玩 玫 玲 玻 珊 珍 珠 珥 班 現 球 理 琉 琪 琴 瑙 瑜 瑞 瑟 瑤 瑪 瑰 環 瓜 瓦 瓶 甘 甚 甜 生 產 用 田-申 男 甸 界 留 畢 略 番 畫 異 當 疆 疏 疑 疼 病 痕 痛 痴 瘋 療 癡 癸 登-百 的 皆 皇 皮 盃 益 盛 盜 盟 盡 監 盤 盧 目 盲 直 相 盼 盾 省 眉 看 真 眠 眼 眾 睛 睡 督 瞧 瞭 矛 矣 知 短 石 砂 砍 研 砲 破 硬 碎 碗 碟 碧 碩 碰 確 碼 磁 磨 磯 礎 礙 示 社 祕 祖 祚 祛 祝 神 祥 票 祿 禁 禍-福 禪 禮 秀 私 秋 科 秒 秘 租 秤 秦 移 稅 程 稍 種 稱 稿 穆 穌 積 穩 究 穹 空 穿 突 窗 窩 窮 窶 立 站 竟 章 童 端 競 竹 笑 笛 符 笨 第 筆 等 筋 答 策 简 算 管 箭 箱 節 範 篇 築 簡 簫 簽 簿 籃 籌 籍 籤 米 粉 粗 粵 精 糊 糕 糟 系 糾 紀 約 紅 納 紐 純 紙-紛 素 索 紫 累 細 紹 終 組 結 絕 絡 給 統 絲 經 綜 綠 維 綱 網 緊 緒 線 緣 編 緩 緬 緯 練 縛 縣 縮 縱 總 績 繁 繆 織 繞 繪 繳 繼 續 缸 缺 罕 罪 置 罰 署 罵 罷 羅 羊 美 羞 群 義 羽 翁 習 翔 翰 翹 翻 翼 耀 老 考 者 而 耍 耐 耗 耳 耶 聊 聖 聚 聞 聯 聰 聲 職 聽 肉 肚 股 肥 肩 肯 育 背 胎 胖 胞 胡 胸 能 脆 脫 腓 腔 腦 腰 腳 腿 膽 臉 臘 臣 臥 臨 自 臭 至 致 臺 與-舊 舌 舍 舒 舞 舟 航 般 船 艦 良 色 艾 芝 芬 花 芳 若 苦 英 茅 茫 茲 茶 草 荒 荷 荼 莉 莊 莎 莫 菜 菩 華 菲 萄 萊 萬 落 葉 著 葛 葡 蒂 蒙 蒲 蒼 蓋 蓮 蔕 蔡 蔣 蕭 薄 薦 薩 薪 藉 藍 藏 藝 藤 藥 蘆 蘇 蘭 虎 處 虛 號 虧 蛇 蛋 蛙 蜂 蜜 蝶 融 螢 蟲 蟹 蠍 蠻 血 行 術 街 衛 衝 衡 衣 表 袋 被 裁 裂 裕 補 裝 裡 製 複 褲 西 要 覆 見 規 視 親 覺 覽 觀 角 解 觸 言 訂 計 訊 討 訓 託 記 訥 訪 設 許 訴 註 証 評 詞 詢 試 詩 話-詳 誇 誌 認 誓 誕 語 誠 誤 說 誰 課 誼 調 談 請 諒 論 諸 諺 諾 謀 謂 講 謝 證 識 譜 警 譯 議 護 譽 讀 變 讓 讚 谷 豆 豈 豐 象 豪 豬 貌 貓 貝 貞 負-貢 貨 貪-責 貴 買 費 貼 賀 資 賈 賓 賜 賞 賢-賤 賦 質 賭 賴 賺 購 賽 贈 贊 贏 赤 赫 走 起 超 越 趕 趙 趣 趨 足 跌 跎 跑 距 跟 跡 路 跳 踏 踢 蹟 蹤 躍 身 躲 車 軌 軍 軒 軟 較 載 輔 輕 輛 輝 輩 輪 輯 輸 轉 轟 辛 辦 辨 辭 辯-農 迅 迎 近 返 迦 迪 迫 述 迴 迷 追 退 送 逃 逆 透 逐 途 這-逛 逝 速 造 逢 連 週 進 逸 逼 遇 遊 運 遍 過 道-違 遙 遜 遠 適 遭 遮 遲 遷 選 遺 避-邁 還 邊 邏 那 邦 邪 邱 郎 部 郭 郵 都 鄂 鄉 鄭 鄰 酉 配 酒 酷 酸 醉 醒 醜 醫 采 釋-量 金 針 釣 鈴 鉢 銀 銅 銖 銘 銳 銷 鋒 鋼 錄 錢 錦 錫 錯 鍋 鍵 鍾 鎊 鎖 鎮 鏡 鐘 鐵 鑑 長 門 閃 閉 開 閏 閒 間 閣 閱 闆 闊 闍 闐 關 闡 防 阻 阿 陀 附 降 限 院-除 陪 陰 陳 陵-陸 陽 隆 隊 階 隔 際 障 隨 險 隱 隻 雄-集 雉 雖 雙 雜 雞 離 難 雨 雪 雲 零 雷 電 需 震 霍 霧 露 霸 霹 靂 靈 青 靖 靜 非 靠 面 革 靼 鞋 韃 韋 韓 音 韻 響 頁 頂 項 順 須 預 頑 頓 頗 領 頞 頭 頻 顆 題 額 顏 願 類 顧 顯 風 飄 飛 食 飯 飲 飽 飾 餅 養 餐 餘 館 首 香 馬 駐 駕 駛 騎 騙 騷 驅 驗 驚 骨 體 高 髮 鬆 鬥 鬧 鬱 鬼 魁 魂 魅 魔 魚 魯 鮮 鳥 鳳 鳴 鴻 鵝 鷹 鹿 麗 麥 麵 麻 麼 黃 黎 黑 默 點 黨 鼓 鼠 鼻 齊 齋 齒 齡 龍 龜]	[一 丁 七 丈-不 丑 且 世 丘 丙 丟 並 中 串 丸 丹 主 乃 久 么 之 乎 乏 乖 乘 乙 九 也 乾 亂 了 予 事 二 于 云 互 五 井 些 亞 亡 交-亦 亨 享 京 亮 人 什 仁 仇 今 介 仍 仔 他 付 仙 代-以 仰 仲 件 任 份 企 伊 伍 伐 休 伙 伯 估 伴 伸 似 伽 但 佈 佉 位-住 佔 何 余 佛 作 你 佩 佳 使 來 例 供 依 侯 侵 便 係-俄 俊 俏 俗 保 俠 信 修 俱 俾 倉 個 倍 們 倒 候 倚 借 倫 值 假 偉 偏 做 停 健 側-偷 偽 傅 傑 傘 備 傢 傣 傲 傳 傷 傻 傾 僅 像 僑 僧 價 儀 億 儒 儘 優 允 元-充 兇-光 克 免 兒 兔 入 內-兩 八-兮 共 兵-典 兼 冊 再 冒 冠 冬 冰 冷 准 凋-凍 凝 凡 凰 凱 出 函 刀 分 切 刊 列 初 判 別 刨-刪 刮 到 制 刷 刺 刻 剃 則 剌 前 剛 剩 剪 副 割 創 劃 劇 劉 劍 力 功 加 助-劫 勁 勇 勉 勒 動 務 勝 勞 勢 勤 勵 勸 勾 勿 包 匈 化 北 匯 匹 區 十 千 升 午 半 卒-協 南 博 卜 卡 卯-危 即 卷 卹 卻 厄 厘 厚 原 厭 厲 去 參 又 及 友 反 叔 取 受 口-另 只-叭 可 台 史 右 司 吃 各 合-吊 同-后 吐-吒 君 吝-吠 否 吧 含 吳 吵 吸 吹 吾 呀 呂 呆 告 呢 周 味 呵 呼 命 和 咖 咦 咧 咪 咬 咱 哀 品 哇-哉 哎 員 哥 哦 哩 哪 哭 哲 唇 唉 唐 唔 唬 售 唯 唱 唵 唷 唸 商 啊 問 啟 啡 啤-啦 啪 喀 喂 善 喇 喊 喔 喜 喝 喪 喬 單 喲 喵 嗎 嗚 嗨 嗯 嘆 嘉 嘗 嘛 嘴 嘻 嘿 噁 噓 器 噴 嚇 嚏 嚴 囉 四 回 因 困 固 圈 國 圍 園 圓 圖 團 圜 土 在 圭 地 圾 址 均 坎 坐 坑 坡 坤 坦 坪 垂 垃 型 埃 城 埔 域 執 培 基 堂 堅 堆 堡 堪 報 場 塊 塔 塗 塞 填 塵 境 墅 墓 增 墟 墨 墮 墳 壁 壇 壓 壘 壞 壢 壩 士 壬 壯 壺 壽 夏 夕 外 多 夜 夠 夢 夥 大 天-夫 央 失 夷 夸 夾 奇-奉 奎 奏 契 奔 套 奧 奪 奮 女 奴 奶 她 好 如 妙 妝 妥 妨 妮 妳 妹 妻 姆 姊 始 姐 姑 姓 委 姿 威 娃 娘 娛 婁 婆 婚 婦 媒 媽 嫌 嫩 子 孔 孕 字 存 孝 孟 季 孤 孩 孫 孵 學 它 宅 宇-安 宋 完 宏 宗-宜 客-室 宮 害 家 容 宿 寂 寄-密 富 寒 寞 察 寢 實-審 寫 寬 寮 寵 寶 寺 封 射 將 專 尊 尋 對-小 少 尖 尚 尤 就 尺 尼 尾-屁 居 屆 屋 屍 屏 屑 展 屠 層 屬 山 岡 岩 岸 峰 島 峽 崇 崙 崴 嵐 嶺 川 州 巡 工-巨 巫 差 己-巴 巷 市 布 希 帕 帖 帚 帛 帝 帥 師 席 帳 帶 常 帽 幅 幕 幟 幣 幫 干-年 幸 幹 幻-幾 庇 床 序 底 店 庚 府 度 座 庫 庭 康 庸 廈 廉 廖 廟 廠 廢 廣 廳 延 廷 建 弄 式 引 弗 弘 弟 弦 弱 張 強 彈 彊 彌 彎 彝 彞 形 彥 彩 彬 彭 彰 影 役 彼 往 征 待 很 律 後 徐-徒 得 從 復 微 徵 德 徹 心 必 忌 忍 志-忙 忠 忡 快 念 忽 怎 怒 怕 怖 思 怡 急 性 怨 怪 恆 恐 恢 恥 恨 恩 恭 息 恰 悅 悉 悔 悟 悠 您 悲 悶 情 惑 惜 惠 惡 惱 想 惹 愁 愈 愉 意 愚 愛 感 慈 態 慕 慘 慢 慣 慧 慮 慰 慶 慾 憂 憊 憐 憑 憲 憶 憾 懂 應 懨 懶 懷 懼 戀 戈 戊 戌 成-戒 或 截 戰 戲 戴 戶 房-扁 扇 手 才 扎 打 托 扣 扥 扭-扯 批 找-技 抄 把 抓 投 抗 折 披 抬 抱 抵 抹 抽 拆 拉 拋 拍 拏 拒 拔 拖 招 拜 括 拳 拼 拾 拿 持 指 按 挑 挖 挪 振 挺 捏 捐 捕 捧 捨 捲 捷 掃 授 掉 掌 排 掛 掠-探 接 控 推 措 掰 描 提 插 揚 換 握 揮 援 揹 損 搏 搖 搜 搞 搬 搭 搶 摀 摘 摩 摸 撐 撒 撕 撞 撣 撥 播 撲 撾 撿 擁 擇 擊 擋 操 擎 擔 據 擠 擦 擬 擴 擺 擾 攀 攝 攤 支 收 改 攻 放 政 故 效 敍 敏 救 敗-教 敝 敞 敢 散 敦 敬 整 敵 數 文 斐 斑 斗 料 斜 斧 斯 新 斷 方 於 施 旁 旅 旋 族 旗 既 日 旦 早 旭 旺 昂 昆 昇 昌 明 昏 易 星 映 春 昨 昭 是 時 晉 晒 晚 晨 普 景 晴 晶 智 暑 暖 暗 暫 暮 暴 曆 曇 曉 曬 曰 曲-更 書 曼 曾-最 會 月 有 朋 服 朔 朗 望 朝 期 木 未-札 朱 朵 杉 李 材 村 杖 杜 束 杯-東 松 板 析 林 果 枝 枯 架 柏 某 染 柔 查 柬 柯 柳 柴 栓 校 核 根 格 栽 桃 案 桌 桑 梁 梅 條 梨 梯 械 梵 棄 棉 棋 棍 棒 棕 棚 森 棺 椅 植 椒 椰 楊 楓 楚 業 極 概 榜 榮 構-槍 樂 樓 標 樞 模 樣 樹 橄 橇 橋 橘 橙 機 橫 檀 檔 檢 檬 檸 櫚 櫻 欄 權 欖 欠 次 欣 欲 欺 欽 款 歉 歌 歐 歡-武 歲 歷 歸 死 殊 残 殘 殭 段 殺 殼 毀 毅 母 每 毒 比 毛 毫 氏 民 氣 水 永 汁 求 汗 汝 江-污 汪 汶 決 汽 沃 沈 沉 沒 沖 沙 沫 沮 河 油 治 沿 況 泉 泊 法 泡-泣 泥 注 泰 泳 洋 洗 洛 洞 洩 洪 洲 活 洽 派 流 浣 浦 浩 浪 浮 浴 海 涇-涉 涎 涮 涯 液 涵 涼 淇 淋 淑 淚 淡 淨 深 混 淺 清 減 渡 測 港 游 湖 湘 湯 源 準 溜 溝 溪 溫 滄 滅 滋 滑 滴 滾 滿 漂 漏 演 漠 漢 漫 漲 漸 漿 潔 潘 潛 潮 澡 澤 澳 激 濃 濕 濟 濤 濫 濱 瀏 灌 灣 火 灰 災 炎 炮 炸 為 烈 烏 烘 烤 烹 焊 焙 無 焦 焰 然 煙 煞 照 煩 煮 熊 熟 熱 燃 燈 燒 燙 營 爆 爍 爐 爛 爪 爬 爭 爵 父 爸 爺 爽 爾 牆-版 牌 牙 牛 牠 牧 物 牲 特 牽 犀 犧 犬 犯 狀 狂 狐 狗 狠 狡 狸 狼 猛 猜 猩 猴 猶 猾 猿 獄 獅 獎 獨 獲 獸 獺 獻 獾 玄 率 玉 王 玩 玫 玲 玻 珊 珍 珠 珥 班 現 球 理 琉 琪 琴 瑙 瑜 瑞 瑟 瑤 瑪 瑰 環 瓜 瓢 瓦 瓶 甕 甘 甚 甜 生 產 用 田-申 男 甸 界 留 畢 略 番 畫 異 當 疆 疏 疑 疲 疼 疾 病 痕 痛 痴 瘋 瘦 瘧 療 癡 癸 登-百 皂 的 皆 皇 皮 皿 盃 盆 盈 益 盔 盛 盜 盟 盡 監-盥 盧 目 盲 直 相 盼 盾 省 眉 看 真 眠 眼 眾 睏 睛 睡 督 瞇 瞌 瞧 瞪 瞭 矛 矣 知 短 石 砂 砍 研 砲 破 硬 碎 碗 碟 碧 碩 碰 確 碼 磁 磚 磨 磯 礎 礙 礫 示 社 祈 祕 祖 祚 祛 祝 神 祥 票 祿 禁 禍-福 禪 禮 禱 禿-私 秋 科 秒 秘 租 秤 秦 移 稅 程 稍 種 稱 稻 稿 穀 穆 穌 積 穩 究 穹 空 穿 突 窄 窗 窩 窮 窶 立 站 竟 章 童 端 競 竹 竿 笑 笛 符 笨 第 筆 等 筋 答 策 筷 简 箏 箔 算 管 箭 箱 節 範 篇 築 篷 簡 簫 簽 簿 籃 籌 籍 籠 籤 米 粉 粗 粵 精 糊 糕 糖 糟 糥 系 糾 紀 約 紅 紉 納 紐 純 紙-紛 素 索 紫 紮-細 紳 紹 終 組 結 絕 絡 給 統 絲 經 綜 綠 維 綱 網 綽 綿 緊 緒 線 緣 編 緩 緬 緯 練 縛 縣 縫 縮 縱 總 績 繁 繃 繆 織 繞 繡 繩 繪 繳 繼 續 纖 缸 缺 罈 罐 罕 罩 罪 置 罰 署 罵 罷 羅 羊 美 羞 群 義 羽 翁 習 翔 翰 翹 翻 翼 耀 老 考 者 而 耍 耐 耗 耳 耶 聊 聖 聚 聞 聯 聰 聲 職 聽 聾 肉 肌 肚 股 肥 肩 肯 育 肺 背 胎 胖 胞 胡 胸 能 脆 脈 脖 脫 腐 腓 腔 腦 腰 腳 腹 腿 膚 膠 膽 臂 臉 臘 臟 臣 臥 臨 自 臭 至 致 臺 與-舊 舌 舍 舒 舞 舟 航 般 船 艦 良 色 艾 芙 芝 芬 芭 花 芳 芽 苣 若 苦 英 茄 茅 茫 茲 茵 茶 茸 草 荒 荷 荼 莉 莊 莎 莓 莖 莫 菇 菌 菜 菩 華 菲 萄 萊 萎 萬 萵 落 葉 著 葛 葡 葵 蒂 蒙 蒜 蒲 蒸 蒼 蓄 蓉 蓋 蓮 蔔 蔕 蔡 蔣 蔥 蔬 蕉 蕭 蕾 薄 薑 薦 薩 薪 薯 藉 藍 藏 藝 藤 藥 蘆 蘇 蘋 蘑 蘭 蘿 虎 處 虛 號 虧 蚊 蚓 蚯 蛇 蛋 蛙 蜂 蜜 蜥 蜴 蝙 蝟 蝠 蝦 蝶 螂 螃 融 螞 螢 螺 蟀 蟄 蟋 蟑 蟲 蟳 蟹 蟻 蠅 蠍 蠕 蠣 蠻 血 行 術 街 衛 衝 衡 衣 表 衫 袋 袍 被 裁 裂 裏 裕 補 裝 裡 裱 裹 製 複 褐 褲 襪 襯 西 要 覆 見 規 視 親 覺 覽 觀 角 解 觸 言 訂 計 訊 討 訓 託 記 訝 訥 訪 設 許 訴 診-証 評 詞 詢 試 詩 話-詳 誇 誌 認 誓 誕 語 誠 誤 說 誰 課 誼 調 談 請 諒 論 諸 諺 諾 謀 謂 謎 講 謝 證 識 譜 警 譯 議 護 譽 讀 變 讓 讚 谷 豆 豈 豎 豐 豔 象 豪 豬 豹 貌 貓 貝 貞 負-貢 貨 貪-責 貴 買 費 貼 賀 資 賈 賓 賜 賞 賢-賤 賦 質 賭 賴 賺 購 賽 贈 贊 贏 贛 赤 赫 走 起 超 越 趕 趙 趣 趨 足 跆 跌 跎 跑 距 跟 跡 跪 路 跳 踏 踢 踩 蹟 蹤 躍 身 躲 車 軌 軍 軒 軟 軸 較 載 輔 輕 輛 輝 輩 輪 輯 輸 轉 轎 轟 辛 辜 辣 辦 辨 辭 辯-農 迅 迎 近 返 迦 迪 迫 述 迴 迷 追 退 送 逃 逆 透 逐 途 這-逛 逝 速 造 逢 連 週 進 逸 逼 遇 遊 運 遍 過 道-違 遙 遜 遠 適 遭 遮 遲 遷 選 遺 避-邁 還 邊 邏 那 邦 邪 邱 郎 部 郭 郵 都 鄂 鄉 鄙 鄭 鄰 酉 配 酒 酪 酷 酸 醉 醒 醜 醫 醬 采 釋-量 金 針 釣 鈴 鉅 鉢 鉤 銀 銅 銖 銘 銳 銷 鋁 鋒 鋼 錄 錢 錦 錨 錫 錯 錶 鍊 鍋 鍵 鍾 鎊 鎖 鎮 鏈 鏡 鏢 鐘 鐡 鐵 鑑 鑿 長 門 閃 閉 開 閏 閒 間 閣 閩 閱 闆 闊 闍 闐 關 闡 阱 防 阻 阿 陀 附 降 限 院-除 陪 陰 陳 陵-陸 陽 隆 隊 階 隔 際 障 隨 險 隱 隻 雄-集 雉 雌 雖 雙 雜 雞 離 難 雨 雪 雲 零 雷 電 需 震 霍 霜 霧 露 霸 霹 靂 靈 青 靖 静 靜 非 靠 面 革 靴 靼 鞋 鞭 韃 韋 韓 音 韻 響 頁 頂 項 順 須 頌 預 頑 頓 頗 領 頞 頭 頸 頻 顆 題 額 顏 願 顛 類 顧 顯 風 颱 飄 飆 飛 食 飪 飯 飲 飽 飾 餃 餅 養 餌 餐 餘 餚 館 餾 首 香 馬 駐 駕 駛 駝 駱 騎 騙 騷 驅 驕 驗 驚 骨 體 高 髮 鬆 鬍 鬥 鬧 鬱 鬼 魁 魂 魅 魔 魚 魯 魷 鮑 鮮 鯊 鯨 鱷 鳥 鳩 鳳 鳴 鴨 鴻 鵝 鵡 鶴 鷹 鸚 鹽 鹿 麗 麥 麵 麻 麼 黃 黎 黑 默 黛 點 黨 鼓 鼠 鼬 鼻 齊 齋 齒 齡 龍 龐 龜]	core
