# Section	Page	Header	Code	Old	New
BCP47	u_Extension	dx	deprecated	▷missing◁	false
BCP47	u_Extension	dx	description	▷missing◁	Scripts to exclude from dictionary break
BCP47	u_Extension	dx	valueType	▷missing◁	multiple
BCP47	u_Extension	dx-SCRIPT_CODE	_deprecated	▷missing◁	false
BCP47	u_Extension	dx-SCRIPT_CODE	_description	▷missing◁	ISO 15924 script code
BCP47	u_Extension	tz-glgoh	_alias	…	America/Godthab America/Nuuk
Supplemental	Alias	language	aa_saaho-reason	▷missing◁	deprecated
Supplemental	Alias	language	aa_SAAHO-reason	deprecated	▷removed◁
Supplemental	Alias	language	aa_saaho-replacement	▷missing◁	ssy
Supplemental	Alias	language	aa_SAAHO-replacement	ssy	▷removed◁
Supplemental	Alias	language	agp-reason	▷missing◁	deprecated
Supplemental	Alias	language	agp-replacement	▷missing◁	apf
Supplemental	Alias	language	ais-reason	▷missing◁	deprecated
Supplemental	Alias	language	ais-replacement	▷missing◁	ami
Supplemental	Alias	language	az_AZ-reason	legacy	▷removed◁
Supplemental	Alias	language	az_AZ-replacement	az_Latn_AZ	▷removed◁
Supplemental	Alias	language	baz-reason	▷missing◁	deprecated
Supplemental	Alias	language	baz-replacement	▷missing◁	nvo
Supplemental	Alias	language	bhk-reason	▷missing◁	deprecated
Supplemental	Alias	language	bhk-replacement	▷missing◁	fbl
Supplemental	Alias	language	bjq-reason	▷missing◁	deprecated
Supplemental	Alias	language	bjq-replacement	▷missing◁	bzc
Supplemental	Alias	language	bkb-reason	▷missing◁	deprecated
Supplemental	Alias	language	bkb-replacement	▷missing◁	ebk
Supplemental	Alias	language	bs_BA-reason	legacy	▷removed◁
Supplemental	Alias	language	bs_BA-replacement	bs_Latn_BA	▷removed◁
Supplemental	Alias	language	btb-reason	▷missing◁	deprecated
Supplemental	Alias	language	btb-replacement	▷missing◁	beb
Supplemental	Alias	language	cel_gaulish-reason	▷missing◁	legacy
Supplemental	Alias	language	cel_gaulish-replacement	▷missing◁	xtg
Supplemental	Alias	language	cel-gaulish-reason	legacy	▷removed◁
Supplemental	Alias	language	cel-gaulish-replacement	xtg-x-cel-gaulish	▷removed◁
Supplemental	Alias	language	daf-reason	▷missing◁	deprecated
Supplemental	Alias	language	daf-replacement	▷missing◁	dnj
Supplemental	Alias	language	dap-reason	▷missing◁	deprecated
Supplemental	Alias	language	dap-replacement	▷missing◁	njz
Supplemental	Alias	language	djl-reason	▷missing◁	deprecated
Supplemental	Alias	language	djl-replacement	▷missing◁	dze
Supplemental	Alias	language	dkl-reason	▷missing◁	deprecated
Supplemental	Alias	language	dkl-replacement	▷missing◁	aqd
Supplemental	Alias	language	drr-reason	▷missing◁	deprecated
Supplemental	Alias	language	drr-replacement	▷missing◁	kzk
Supplemental	Alias	language	drw-replacement	…	fa_AF
Supplemental	Alias	language	dud-reason	▷missing◁	deprecated
Supplemental	Alias	language	dud-replacement	▷missing◁	uth
Supplemental	Alias	language	duj-reason	▷missing◁	deprecated
Supplemental	Alias	language	duj-replacement	▷missing◁	dwu
Supplemental	Alias	language	dwl-reason	▷missing◁	deprecated
Supplemental	Alias	language	dwl-replacement	▷missing◁	dbt
Supplemental	Alias	language	elp-reason	▷missing◁	deprecated
Supplemental	Alias	language	elp-replacement	▷missing◁	amq
Supplemental	Alias	language	en_GB_oed-reason	▷missing◁	deprecated
Supplemental	Alias	language	en_GB_oed-replacement	▷missing◁	en_GB_oxendict
Supplemental	Alias	language	gbc-reason	▷missing◁	deprecated
Supplemental	Alias	language	gbc-replacement	▷missing◁	wny
Supplemental	Alias	language	ggo-reason	▷missing◁	deprecated
Supplemental	Alias	language	ggo-replacement	▷missing◁	esg
Supplemental	Alias	language	ggr-reason	▷missing◁	deprecated
Supplemental	Alias	language	ggr-replacement	▷missing◁	gtu
Supplemental	Alias	language	gio-reason	▷missing◁	deprecated
Supplemental	Alias	language	gio-replacement	▷missing◁	aou
Supplemental	Alias	language	gli-reason	▷missing◁	deprecated
Supplemental	Alias	language	gli-replacement	▷missing◁	kzk
Supplemental	Alias	language	ha_Latn_GH-reason	legacy	▷removed◁
Supplemental	Alias	language	ha_Latn_GH-replacement	ha_GH	▷removed◁
Supplemental	Alias	language	ha_Latn_NE-reason	legacy	▷removed◁
Supplemental	Alias	language	ha_Latn_NE-replacement	ha_NE	▷removed◁
Supplemental	Alias	language	ha_Latn_NG-reason	legacy	▷removed◁
Supplemental	Alias	language	ha_Latn_NG-replacement	ha_NG	▷removed◁
Supplemental	Alias	language	hy_arevmda-reason	▷missing◁	deprecated
Supplemental	Alias	language	hy_arevmda-replacement	▷missing◁	hyw
Supplemental	Alias	language	i_default-reason	▷missing◁	legacy
Supplemental	Alias	language	i_default-replacement	▷missing◁	en_x_i_default
Supplemental	Alias	language	i_enochian-reason	▷missing◁	legacy
Supplemental	Alias	language	i_enochian-replacement	▷missing◁	und_x_i_enochian
Supplemental	Alias	language	i_mingo-reason	▷missing◁	legacy
Supplemental	Alias	language	i_mingo-replacement	▷missing◁	see_x_i_mingo
Supplemental	Alias	language	i-default-reason	legacy	▷removed◁
Supplemental	Alias	language	i-default-replacement	en-x-i-default	▷removed◁
Supplemental	Alias	language	i-enochian-reason	legacy	▷removed◁
Supplemental	Alias	language	i-enochian-replacement	und-x-i-enochian	▷removed◁
Supplemental	Alias	language	i-mingo-reason	legacy	▷removed◁
Supplemental	Alias	language	i-mingo-replacement	see-x-i-mingo	▷removed◁
Supplemental	Alias	language	ill-reason	▷missing◁	deprecated
Supplemental	Alias	language	ill-replacement	▷missing◁	ilm
Supplemental	Alias	language	izi-reason	▷missing◁	deprecated
Supplemental	Alias	language	izi-replacement	▷missing◁	eza
Supplemental	Alias	language	jar-reason	▷missing◁	deprecated
Supplemental	Alias	language	jar-replacement	▷missing◁	jgk
Supplemental	Alias	language	kdv-reason	▷missing◁	deprecated
Supplemental	Alias	language	kdv-replacement	▷missing◁	zkd
Supplemental	Alias	language	kgd-reason	▷missing◁	deprecated
Supplemental	Alias	language	kgd-replacement	▷missing◁	ncq
Supplemental	Alias	language	kk_Cyrl_KZ-reason	legacy	▷removed◁
Supplemental	Alias	language	kk_Cyrl_KZ-replacement	kk_KZ	▷removed◁
Supplemental	Alias	language	kpp-reason	▷missing◁	deprecated
Supplemental	Alias	language	kpp-replacement	▷missing◁	jkm
Supplemental	Alias	language	ks_Arab_IN-reason	legacy	▷removed◁
Supplemental	Alias	language	ks_Arab_IN-replacement	ks_IN	▷removed◁
Supplemental	Alias	language	kxl-reason	▷missing◁	deprecated
Supplemental	Alias	language	kxl-replacement	▷missing◁	kru
Supplemental	Alias	language	ky_Cyrl_KG-reason	legacy	▷removed◁
Supplemental	Alias	language	ky_Cyrl_KG-replacement	ky_KG	▷removed◁
Supplemental	Alias	language	kzh-reason	▷missing◁	deprecated
Supplemental	Alias	language	kzh-replacement	▷missing◁	dgl
Supplemental	Alias	language	leg-reason	▷missing◁	deprecated
Supplemental	Alias	language	leg-replacement	▷missing◁	enl
Supplemental	Alias	language	mgx-reason	▷missing◁	deprecated
Supplemental	Alias	language	mgx-replacement	▷missing◁	jbk
Supplemental	Alias	language	mn_Cyrl_MN-reason	legacy	▷removed◁
Supplemental	Alias	language	mn_Cyrl_MN-replacement	mn_MN	▷removed◁
Supplemental	Alias	language	mnt-reason	▷missing◁	deprecated
Supplemental	Alias	language	mnt-replacement	▷missing◁	wnn
Supplemental	Alias	language	mof-reason	▷missing◁	deprecated
Supplemental	Alias	language	mof-replacement	▷missing◁	xnt
Supplemental	Alias	language	ms_Latn_BN-reason	legacy	▷removed◁
Supplemental	Alias	language	ms_Latn_BN-replacement	ms_BN	▷removed◁
Supplemental	Alias	language	ms_Latn_MY-reason	legacy	▷removed◁
Supplemental	Alias	language	ms_Latn_MY-replacement	ms_MY	▷removed◁
Supplemental	Alias	language	ms_Latn_SG-reason	legacy	▷removed◁
Supplemental	Alias	language	ms_Latn_SG-replacement	ms_SG	▷removed◁
Supplemental	Alias	language	mwd-reason	▷missing◁	deprecated
Supplemental	Alias	language	mwd-replacement	▷missing◁	dmw
Supplemental	Alias	language	nbf-reason	▷missing◁	deprecated
Supplemental	Alias	language	nbf-replacement	▷missing◁	nru
Supplemental	Alias	language	nbx-reason	▷missing◁	deprecated
Supplemental	Alias	language	nbx-replacement	▷missing◁	ekc
Supplemental	Alias	language	nln-reason	▷missing◁	deprecated
Supplemental	Alias	language	nln-replacement	▷missing◁	azd
Supplemental	Alias	language	nlr-reason	▷missing◁	deprecated
Supplemental	Alias	language	nlr-replacement	▷missing◁	nrk
Supplemental	Alias	language	no_bokmal-reason	▷missing◁	deprecated
Supplemental	Alias	language	no_BOKMAL-reason	deprecated	▷removed◁
Supplemental	Alias	language	no_bokmal-replacement	▷missing◁	nb
Supplemental	Alias	language	no_BOKMAL-replacement	nb	▷removed◁
Supplemental	Alias	language	no_nynorsk-reason	▷missing◁	deprecated
Supplemental	Alias	language	no_NYNORSK-reason	deprecated	▷removed◁
Supplemental	Alias	language	no_nynorsk-replacement	▷missing◁	nn
Supplemental	Alias	language	no_NYNORSK-replacement	nn	▷removed◁
Supplemental	Alias	language	noo-reason	▷missing◁	deprecated
Supplemental	Alias	language	noo-replacement	▷missing◁	dtd
Supplemental	Alias	language	nxu-reason	▷missing◁	deprecated
Supplemental	Alias	language	nxu-replacement	▷missing◁	bpp
Supplemental	Alias	language	pa_IN-reason	legacy	▷removed◁
Supplemental	Alias	language	pa_IN-replacement	pa_Guru_IN	▷removed◁
Supplemental	Alias	language	pa_PK-reason	legacy	▷removed◁
Supplemental	Alias	language	pa_PK-replacement	pa_Arab_PK	▷removed◁
Supplemental	Alias	language	rmr-reason	▷missing◁	deprecated
Supplemental	Alias	language	rmr-replacement	▷missing◁	emx
Supplemental	Alias	language	sap-reason	▷missing◁	deprecated
Supplemental	Alias	language	sap-replacement	▷missing◁	aqt
Supplemental	Alias	language	sgl-reason	▷missing◁	deprecated
Supplemental	Alias	language	sgl-replacement	▷missing◁	isk
Supplemental	Alias	language	sgn_BR-reason	▷missing◁	deprecated
Supplemental	Alias	language	sgn_BR-replacement	▷missing◁	bzs
Supplemental	Alias	language	sgn_CO-reason	▷missing◁	deprecated
Supplemental	Alias	language	sgn_CO-replacement	▷missing◁	csn
Supplemental	Alias	language	sgn_DE-reason	▷missing◁	deprecated
Supplemental	Alias	language	sgn_DE-replacement	▷missing◁	gsg
Supplemental	Alias	language	sgn_DK-reason	▷missing◁	deprecated
Supplemental	Alias	language	sgn_DK-replacement	▷missing◁	dsl
Supplemental	Alias	language	sgn_ES-reason	▷missing◁	deprecated
Supplemental	Alias	language	sgn_ES-replacement	▷missing◁	ssp
Supplemental	Alias	language	sgn_FR-reason	▷missing◁	deprecated
Supplemental	Alias	language	sgn_FR-replacement	▷missing◁	fsl
Supplemental	Alias	language	sgn_GB-reason	▷missing◁	deprecated
Supplemental	Alias	language	sgn_GB-replacement	▷missing◁	bfi
Supplemental	Alias	language	sgn_GR-reason	▷missing◁	deprecated
Supplemental	Alias	language	sgn_GR-replacement	▷missing◁	gss
Supplemental	Alias	language	sgn_IE-reason	▷missing◁	deprecated
Supplemental	Alias	language	sgn_IE-replacement	▷missing◁	isg
Supplemental	Alias	language	sgn_IT-reason	▷missing◁	deprecated
Supplemental	Alias	language	sgn_IT-replacement	▷missing◁	ise
Supplemental	Alias	language	sgn_JP-reason	▷missing◁	deprecated
Supplemental	Alias	language	sgn_JP-replacement	▷missing◁	jsl
Supplemental	Alias	language	sgn_MX-reason	▷missing◁	deprecated
Supplemental	Alias	language	sgn_MX-replacement	▷missing◁	mfs
Supplemental	Alias	language	sgn_NI-reason	▷missing◁	deprecated
Supplemental	Alias	language	sgn_NI-replacement	▷missing◁	ncs
Supplemental	Alias	language	sgn_NL-reason	▷missing◁	deprecated
Supplemental	Alias	language	sgn_NL-replacement	▷missing◁	dse
Supplemental	Alias	language	sgn_NO-reason	▷missing◁	deprecated
Supplemental	Alias	language	sgn_NO-replacement	▷missing◁	nsi
Supplemental	Alias	language	sgn_PT-reason	▷missing◁	deprecated
Supplemental	Alias	language	sgn_PT-replacement	▷missing◁	psr
Supplemental	Alias	language	sgn_SE-reason	▷missing◁	deprecated
Supplemental	Alias	language	sgn_SE-replacement	▷missing◁	swl
Supplemental	Alias	language	sgn_US-reason	▷missing◁	deprecated
Supplemental	Alias	language	sgn_US-replacement	▷missing◁	ase
Supplemental	Alias	language	sgn_ZA-reason	▷missing◁	deprecated
Supplemental	Alias	language	sgn_ZA-replacement	▷missing◁	sfs
Supplemental	Alias	language	shi_MA-reason	legacy	▷removed◁
Supplemental	Alias	language	shi_MA-replacement	shi_Tfng_MA	▷removed◁
Supplemental	Alias	language	sr_BA-reason	legacy	▷removed◁
Supplemental	Alias	language	sr_BA-replacement	sr_Cyrl_BA	▷removed◁
Supplemental	Alias	language	sr_ME-reason	legacy	▷removed◁
Supplemental	Alias	language	sr_ME-replacement	sr_Latn_ME	▷removed◁
Supplemental	Alias	language	sr_RS-reason	legacy	▷removed◁
Supplemental	Alias	language	sr_RS-replacement	sr_Cyrl_RS	▷removed◁
Supplemental	Alias	language	sr_XK-reason	legacy	▷removed◁
Supplemental	Alias	language	sr_XK-replacement	sr_Cyrl_XK	▷removed◁
Supplemental	Alias	language	sul-reason	▷missing◁	deprecated
Supplemental	Alias	language	sul-replacement	▷missing◁	sgd
Supplemental	Alias	language	sum-reason	▷missing◁	deprecated
Supplemental	Alias	language	sum-replacement	▷missing◁	ulw
Supplemental	Alias	language	tgg-reason	▷missing◁	deprecated
Supplemental	Alias	language	tgg-replacement	▷missing◁	bjp
Supplemental	Alias	language	thw-reason	▷missing◁	deprecated
Supplemental	Alias	language	thw-replacement	▷missing◁	ola
Supplemental	Alias	language	tid-reason	▷missing◁	deprecated
Supplemental	Alias	language	tid-replacement	▷missing◁	itd
Supplemental	Alias	language	tnf-replacement	…	fa_AF
Supplemental	Alias	language	tzm_Latn_MA-reason	legacy	▷removed◁
Supplemental	Alias	language	tzm_Latn_MA-replacement	tzm_MA	▷removed◁
Supplemental	Alias	language	ug_Arab_CN-reason	legacy	▷removed◁
Supplemental	Alias	language	ug_Arab_CN-replacement	ug_CN	▷removed◁
Supplemental	Alias	language	und_aaland-reason	▷missing◁	deprecated
Supplemental	Alias	language	und_aaland-replacement	▷missing◁	und_AX
Supplemental	Alias	language	und_arevela-reason	▷missing◁	deprecated
Supplemental	Alias	language	und_arevela-replacement	▷missing◁	und
Supplemental	Alias	language	und_arevmda-reason	▷missing◁	deprecated
Supplemental	Alias	language	und_arevmda-replacement	▷missing◁	und
Supplemental	Alias	language	und_bokmal-reason	▷missing◁	deprecated
Supplemental	Alias	language	und_bokmal-replacement	▷missing◁	und
Supplemental	Alias	language	und_hakka-reason	▷missing◁	deprecated
Supplemental	Alias	language	und_hakka-replacement	▷missing◁	und
Supplemental	Alias	language	und_hepburn_heploc-reason	▷missing◁	deprecated
Supplemental	Alias	language	und_hepburn_heploc-replacement	▷missing◁	und_alalc97
Supplemental	Alias	language	und_lojban-reason	▷missing◁	deprecated
Supplemental	Alias	language	und_lojban-replacement	▷missing◁	und
Supplemental	Alias	language	und_nynorsk-reason	▷missing◁	deprecated
Supplemental	Alias	language	und_nynorsk-replacement	▷missing◁	und
Supplemental	Alias	language	und_saaho-reason	▷missing◁	deprecated
Supplemental	Alias	language	und_saaho-replacement	▷missing◁	und
Supplemental	Alias	language	und_xiang-reason	▷missing◁	deprecated
Supplemental	Alias	language	und_xiang-replacement	▷missing◁	und
Supplemental	Alias	language	unp-reason	▷missing◁	deprecated
Supplemental	Alias	language	unp-replacement	▷missing◁	wro
Supplemental	Alias	language	uz_AF-reason	legacy	▷removed◁
Supplemental	Alias	language	uz_AF-replacement	uz_Arab_AF	▷removed◁
Supplemental	Alias	language	uz_UZ-reason	legacy	▷removed◁
Supplemental	Alias	language	uz_UZ-replacement	uz_Latn_UZ	▷removed◁
Supplemental	Alias	language	vai_LR-reason	legacy	▷removed◁
Supplemental	Alias	language	vai_LR-replacement	vai_Vaii_LR	▷removed◁
Supplemental	Alias	language	wgw-reason	▷missing◁	deprecated
Supplemental	Alias	language	wgw-replacement	▷missing◁	wgb
Supplemental	Alias	language	wit-reason	▷missing◁	deprecated
Supplemental	Alias	language	wit-replacement	▷missing◁	nol
Supplemental	Alias	language	wiw-reason	▷missing◁	deprecated
Supplemental	Alias	language	wiw-replacement	▷missing◁	nwo
Supplemental	Alias	language	xrq-reason	▷missing◁	deprecated
Supplemental	Alias	language	xrq-replacement	▷missing◁	dmw
Supplemental	Alias	language	yen-reason	▷missing◁	deprecated
Supplemental	Alias	language	yen-replacement	▷missing◁	ynq
Supplemental	Alias	language	yiy-reason	▷missing◁	deprecated
Supplemental	Alias	language	yiy-replacement	▷missing◁	yrm
Supplemental	Alias	language	yue_CN-reason	legacy	▷removed◁
Supplemental	Alias	language	yue_CN-replacement	yue_Hans_CN	▷removed◁
Supplemental	Alias	language	yue_HK-reason	legacy	▷removed◁
Supplemental	Alias	language	yue_HK-replacement	yue_Hant_HK	▷removed◁
Supplemental	Alias	language	zh_cmn_Hans-reason	▷missing◁	deprecated
Supplemental	Alias	language	zh_cmn_Hans-replacement	▷missing◁	zh_Hans
Supplemental	Alias	language	zh_cmn_Hant-reason	▷missing◁	deprecated
Supplemental	Alias	language	zh_cmn_Hant-replacement	▷missing◁	zh_Hant
Supplemental	Alias	language	zh_cmn-reason	▷missing◁	deprecated
Supplemental	Alias	language	zh_cmn-replacement	▷missing◁	zh
Supplemental	Alias	language	zh_CN-reason	legacy	▷removed◁
Supplemental	Alias	language	zh_CN-replacement	zh_Hans_CN	▷removed◁
Supplemental	Alias	language	zh_gan-reason	▷missing◁	deprecated
Supplemental	Alias	language	zh_gan-replacement	▷missing◁	gan
Supplemental	Alias	language	zh_HK-reason	legacy	▷removed◁
Supplemental	Alias	language	zh_HK-replacement	zh_Hant_HK	▷removed◁
Supplemental	Alias	language	zh_min-reason	▷missing◁	legacy
Supplemental	Alias	language	zh_min-replacement	▷missing◁	nan_x_zh_min
Supplemental	Alias	language	zh_MO-reason	legacy	▷removed◁
Supplemental	Alias	language	zh_MO-replacement	zh_Hant_MO	▷removed◁
Supplemental	Alias	language	zh_SG-reason	legacy	▷removed◁
Supplemental	Alias	language	zh_SG-replacement	zh_Hans_SG	▷removed◁
Supplemental	Alias	language	zh_TW-reason	legacy	▷removed◁
Supplemental	Alias	language	zh_TW-replacement	zh_Hant_TW	▷removed◁
Supplemental	Alias	language	zh_wuu-reason	▷missing◁	deprecated
Supplemental	Alias	language	zh_wuu-replacement	▷missing◁	wuu
Supplemental	Alias	language	zh_yue-reason	▷missing◁	deprecated
Supplemental	Alias	language	zh_yue-replacement	▷missing◁	yue
Supplemental	Alias	language	zh-min-reason	legacy	▷removed◁
Supplemental	Alias	language	zh-min-replacement	nan-x-zh-min	▷removed◁
Supplemental	Alias	language	zir-reason	▷missing◁	deprecated
Supplemental	Alias	language	zir-replacement	▷missing◁	scv
Supplemental	Alias	variant	AALAND-reason	deprecated	▷removed◁
Supplemental	Alias	variant	AALAND-replacement	AX	▷removed◁
Supplemental	Alias	variant	arevela-reason	deprecated	▷removed◁
Supplemental	Alias	variant	arevela-replacement	hy	▷removed◁
Supplemental	Alias	variant	arevmda-reason	deprecated	▷removed◁
Supplemental	Alias	variant	arevmda-replacement	hyw	▷removed◁
Supplemental	Alias	variant	HEPLOC-reason	deprecated	▷removed◁
Supplemental	Alias	variant	HEPLOC-replacement	ALALC97	▷removed◁
Supplemental	Alias	variant	polytoni-reason	▷missing◁	deprecated
Supplemental	Alias	variant	POLYTONI-reason	deprecated	▷removed◁
Supplemental	Alias	variant	polytoni-replacement	▷missing◁	polyton
Supplemental	Alias	variant	POLYTONI-replacement	POLYTON	▷removed◁
Supplemental	IdValidity	language	deprecated	…	… aoh … ayx~y … bbz … bpb … cca … cdg … dgu … drr … ekc … gli … kjf … kxl kxu … lmz … nxu … plp … sdm … tbb … thw~x … xrq … xtz … zir …
Supplemental	IdValidity	language	regular	…	… aoa~g aoi~n … ayz … bba~y … bpa … cdc~f cdh~j … ckl~o … cno~p … csa~w … dgr~t … dma~g … drq drs~u … dwk … ebc … fie~f … gef~m … glh glj~l … gmq~r … hng~j … kja~e kjg~v … kxh~k kxm~t kxv~z … lmu~y … nsa~i … pln~o plq~s … sdj~l sdn~v … tba tbc~z … thp~v … ukg~i … uku~w … wlg~i … xnm~o … xpa~d xpf~z … xrr … xty … zba …
Supplemental	IdValidity	unit	regular	…	… light-lumen … mass-grain … volume-dessert-spoon volume-dessert-spoon-imperial volume-dram volume-drop … volume-jigger … volume-pinch … volume-quart-imperial …
Supplemental	IdValidity	variant	regular	…	… peano … tongyong tunumiit …
Supplemental	Locale	DefaultContent	plain	…	… doi_IN … kgp_BR … la_VA … lij_IT … nv_US … trw_PK …
Supplemental	WZoneMapping	Central Pacific Standard Time	AQ	▷missing◁	Antarctica/Casey
Supplemental	WZoneMapping	Central Pacific Standard Time	AU	Antarctica/Macquarie	▷removed◁
Supplemental	WZoneMapping	Pacific Standard Time	CA	…	America/Vancouver
Supplemental	WZoneMapping	Singapore Standard Time	AQ	Antarctica/Casey	▷removed◁
Supplemental	WZoneMapping	Tasmania Standard Time	AU	…	Australia/Hobart Australia/Currie Antarctica/Macquarie
Supplemental	WZoneMapping	US Mountain Standard Time	CA	…	America/Whitehorse America/Creston America/Dawson America/Dawson_Creek America/Fort_Nelson
Supplemental	Units	length/focal-length	001	▷missing◁	millimeter
Supplemental	Units	Quantity	candela-per-square-meter-value	…	illuminance
Supplemental	Units	Convert	dessert-spoon-baseUnit	▷missing◁	cubic-meter
Supplemental	Units	Convert	dessert-spoon-imperial-baseUnit	▷missing◁	cubic-meter
Supplemental	Units	Convert	dram-baseUnit	▷missing◁	cubic-meter
Supplemental	Units	Convert	drop-baseUnit	▷missing◁	cubic-meter
Supplemental	Units	Convert	grain-baseUnit	▷missing◁	kilogram
Supplemental	Units	Convert	jigger-baseUnit	▷missing◁	cubic-meter
Supplemental	Units	Convert	lumen-baseUnit	▷missing◁	candela-square-meter-per-square-meter
Supplemental	Units	Convert	lux-baseUnit	…	candela-per-square-meter
Supplemental	Units	Convert	pinch-baseUnit	▷missing◁	cubic-meter
Supplemental	Units	Convert	quart-imperial-baseUnit	▷missing◁	cubic-meter
Supplemental	Units	Convert	dessert-spoon-factor	▷missing◁	gal_to_m3/16*128
Supplemental	Units	Convert	dessert-spoon-imperial-factor	▷missing◁	gal_imp_to_m3/16*128
Supplemental	Units	Convert	dram-factor	▷missing◁	gal_to_m3/128*8
Supplemental	Units	Convert	drop-factor	▷missing◁	gal_to_m3/128*576
Supplemental	Units	Convert	grain-factor	▷missing◁	lb_to_kg/7000
Supplemental	Units	Convert	jigger-factor	▷missing◁	gal_to_m3*3/128*2
Supplemental	Units	Convert	pinch-factor	▷missing◁	gal_to_m3/128*128
Supplemental	Units	Convert	quart-imperial-factor	▷missing◁	gal_imp_to_m3/4
Supplemental	Units	Convert	dessert-spoon-imperial-systems	▷missing◁	uksystem
Supplemental	Units	Convert	dessert-spoon-systems	▷missing◁	ussystem
Supplemental	Units	Convert	dram-systems	▷missing◁	ussystem
Supplemental	Units	Convert	drop-systems	▷missing◁	ussystem
Supplemental	Units	Convert	grain-systems	▷missing◁	uksystem
Supplemental	Units	Convert	grain-systems	▷missing◁	ussystem
Supplemental	Units	Convert	jigger-systems	▷missing◁	ussystem
Supplemental	Units	Convert	pinch-systems	▷missing◁	ussystem
Supplemental	Units	Convert	quart-imperial-systems	▷missing◁	uksystem
Supplemental	Likely	Subtag	daf	…	daf_Latn_CI
Supplemental	Likely	Subtag	doi	…	doi_Deva_IN
Supplemental	Likely	Subtag	eza	▷missing◁	eza_Latn_ZZ
Supplemental	Likely	Subtag	hi_Latn	hi_Latn_IN	▷removed◁
Supplemental	Likely	Subtag	jar	▷missing◁	jar_Latn_ZZ
Supplemental	Likely	Subtag	ks_Deva	ks_Deva_IN	▷removed◁
Supplemental	Likely	Subtag	kxl	▷missing◁	kxl_Deva_IN
Supplemental	Likely	Subtag	kzh	▷missing◁	kzh_Arab_ZZ
Supplemental	Likely	Subtag	ms_ID	ms_Latn_ID	▷removed◁
Supplemental	Likely	Subtag	trw	…	trw_Arab_PK
Supplemental	Likely	Subtag	und_Cyrl_GE	…	os_Cyrl_GE
Supplemental	Likely	Subtag	und_EU	…	en_Latn_IE
Supplemental	Likely	Subtag	uth	▷missing◁	uth_Latn_ZZ
Supplemental	Likely	Subtag	zh_MY	zh_Hant_MY	▷removed◁
Supplemental	LanguageMatch	written	*_*_*-*_*_*-percent	96	▷removed◁
Supplemental	LanguageMatch	written	*_*-*_*-percent	60	▷removed◁
Supplemental	LanguageMatch	written	*-*-percent	20	▷removed◁
Supplemental	LanguageMatch	written	ab-ru-oneway	true	▷removed◁
Supplemental	LanguageMatch	written	ab-ru-percent	90	▷removed◁
Supplemental	LanguageMatch	written	ach-en-oneway	true	▷removed◁
Supplemental	LanguageMatch	written	ach-en-percent	90	▷removed◁
Supplemental	LanguageMatch	written	af-nl-oneway	true	▷removed◁
Supplemental	LanguageMatch	written	af-nl-percent	90	▷removed◁
Supplemental	LanguageMatch	written	ak-en-oneway	true	▷removed◁
Supplemental	LanguageMatch	written	ak-en-percent	90	▷removed◁
Supplemental	LanguageMatch	written	am_*_*-en_*_GB-oneway	true	▷removed◁
Supplemental	LanguageMatch	written	am_*_*-en_*_GB-percent	90	▷removed◁
Supplemental	LanguageMatch	written	ay-es-oneway	true	▷removed◁
Supplemental	LanguageMatch	written	ay-es-percent	90	▷removed◁
Supplemental	LanguageMatch	written	az_Latn-ru_Cyrl-oneway	true	▷removed◁
Supplemental	LanguageMatch	written	az_Latn-ru_Cyrl-percent	90	▷removed◁
Supplemental	LanguageMatch	written	az-ru-oneway	true	▷removed◁
Supplemental	LanguageMatch	written	az-ru-percent	90	▷removed◁
Supplemental	LanguageMatch	written	be-ru-oneway	true	▷removed◁
Supplemental	LanguageMatch	written	be-ru-percent	90	▷removed◁
Supplemental	LanguageMatch	written	bem-en-oneway	true	▷removed◁
Supplemental	LanguageMatch	written	bem-en-percent	90	▷removed◁
Supplemental	LanguageMatch	written	bho-hi-oneway	true	▷removed◁
Supplemental	LanguageMatch	written	bho-hi-percent	90	▷removed◁
Supplemental	LanguageMatch	written	bn_Beng-en_Latn-oneway	true	▷removed◁
Supplemental	LanguageMatch	written	bn_Beng-en_Latn-percent	90	▷removed◁
Supplemental	LanguageMatch	written	bn-en-oneway	true	▷removed◁
Supplemental	LanguageMatch	written	bn-en-percent	90	▷removed◁
Supplemental	LanguageMatch	written	br-fr-oneway	true	▷removed◁
Supplemental	LanguageMatch	written	br-fr-percent	90	▷removed◁
Supplemental	LanguageMatch	written	ceb-fil-oneway	true	▷removed◁
Supplemental	LanguageMatch	written	ceb-fil-percent	90	▷removed◁
Supplemental	LanguageMatch	written	chr-en-oneway	true	▷removed◁
Supplemental	LanguageMatch	written	chr-en-percent	90	▷removed◁
Supplemental	LanguageMatch	written	ckb-ar-oneway	true	▷removed◁
Supplemental	LanguageMatch	written	ckb-ar-percent	90	▷removed◁
Supplemental	LanguageMatch	written	co-fr-oneway	true	▷removed◁
Supplemental	LanguageMatch	written	co-fr-percent	90	▷removed◁
Supplemental	LanguageMatch	written	crs-fr-oneway	true	▷removed◁
Supplemental	LanguageMatch	written	crs-fr-percent	90	▷removed◁
Supplemental	LanguageMatch	written	cy-en-oneway	true	▷removed◁
Supplemental	LanguageMatch	written	cy-en-percent	90	▷removed◁
Supplemental	LanguageMatch	written	da-nb-percent	92	▷removed◁
Supplemental	LanguageMatch	written	da-no-percent	92	▷removed◁
Supplemental	LanguageMatch	written	ee-en-oneway	true	▷removed◁
Supplemental	LanguageMatch	written	ee-en-percent	90	▷removed◁
Supplemental	LanguageMatch	written	en_*_*-en_*_*-percent	95	▷removed◁
Supplemental	LanguageMatch	written	en_*_001-en_*_*-percent	96	▷removed◁
Supplemental	LanguageMatch	written	en_*_GB-en_*_*-percent	96	▷removed◁
Supplemental	LanguageMatch	written	en_*_US-en_*_*-percent	94	▷removed◁
Supplemental	LanguageMatch	written	eo-en-oneway	true	▷removed◁
Supplemental	LanguageMatch	written	eo-en-percent	90	▷removed◁
Supplemental	LanguageMatch	written	es_*_*-es_*_*-percent	95	▷removed◁
Supplemental	LanguageMatch	written	es_*_419-es_*_*-percent	96	▷removed◁
Supplemental	LanguageMatch	written	es_*_ES-es_*_*-percent	92	▷removed◁
Supplemental	LanguageMatch	written	et-fi-oneway	true	▷removed◁
Supplemental	LanguageMatch	written	et-fi-percent	90	▷removed◁
Supplemental	LanguageMatch	written	eu-es-oneway	true	▷removed◁
Supplemental	LanguageMatch	written	eu-es-percent	90	▷removed◁
Supplemental	LanguageMatch	written	fo-da-oneway	true	▷removed◁
Supplemental	LanguageMatch	written	fo-da-percent	90	▷removed◁
Supplemental	LanguageMatch	written	fy-nl-oneway	true	▷removed◁
Supplemental	LanguageMatch	written	fy-nl-percent	90	▷removed◁
Supplemental	LanguageMatch	written	ga-en-oneway	true	▷removed◁
Supplemental	LanguageMatch	written	ga-en-percent	90	▷removed◁
Supplemental	LanguageMatch	written	gaa-en-oneway	true	▷removed◁
Supplemental	LanguageMatch	written	gaa-en-percent	90	▷removed◁
Supplemental	LanguageMatch	written	gd-en-oneway	true	▷removed◁
Supplemental	LanguageMatch	written	gd-en-percent	90	▷removed◁
Supplemental	LanguageMatch	written	gl-es-oneway	true	▷removed◁
Supplemental	LanguageMatch	written	gl-es-percent	90	▷removed◁
Supplemental	LanguageMatch	written	gn-es-oneway	true	▷removed◁
Supplemental	LanguageMatch	written	gn-es-percent	90	▷removed◁
Supplemental	LanguageMatch	written	gsw-de-oneway	true	▷removed◁
Supplemental	LanguageMatch	written	gsw-de-percent	96	▷removed◁
Supplemental	LanguageMatch	written	gu-hi-oneway	true	▷removed◁
Supplemental	LanguageMatch	written	gu-hi-percent	90	▷removed◁
Supplemental	LanguageMatch	written	ha-en-oneway	true	▷removed◁
Supplemental	LanguageMatch	written	ha-en-percent	90	▷removed◁
Supplemental	LanguageMatch	written	haw-en-oneway	true	▷removed◁
Supplemental	LanguageMatch	written	haw-en-percent	90	▷removed◁
Supplemental	LanguageMatch	written	hr-bs-percent	96	▷removed◁
Supplemental	LanguageMatch	written	ht-fr-oneway	true	▷removed◁
Supplemental	LanguageMatch	written	ht-fr-percent	90	▷removed◁
Supplemental	LanguageMatch	written	hy_Armn-ru_Cyrl-oneway	true	▷removed◁
Supplemental	LanguageMatch	written	hy_Armn-ru_Cyrl-percent	90	▷removed◁
Supplemental	LanguageMatch	written	hy-ru-oneway	true	▷removed◁
Supplemental	LanguageMatch	written	hy-ru-percent	90	▷removed◁
Supplemental	LanguageMatch	written	ia-en-oneway	true	▷removed◁
Supplemental	LanguageMatch	written	ia-en-percent	90	▷removed◁
Supplemental	LanguageMatch	written	ig-en-oneway	true	▷removed◁
Supplemental	LanguageMatch	written	ig-en-percent	90	▷removed◁
Supplemental	LanguageMatch	written	is-en-oneway	true	▷removed◁
Supplemental	LanguageMatch	written	is-en-percent	90	▷removed◁
Supplemental	LanguageMatch	written	jv-id-oneway	true	▷removed◁
Supplemental	LanguageMatch	written	jv-id-percent	90	▷removed◁
Supplemental	LanguageMatch	written	ka_Geor-en_Latn-oneway	true	▷removed◁
Supplemental	LanguageMatch	written	ka_Geor-en_Latn-percent	90	▷removed◁
Supplemental	LanguageMatch	written	ka-en-oneway	true	▷removed◁
Supplemental	LanguageMatch	written	ka-en-percent	90	▷removed◁
Supplemental	LanguageMatch	written	kg-fr-oneway	true	▷removed◁
Supplemental	LanguageMatch	written	kg-fr-percent	90	▷removed◁
Supplemental	LanguageMatch	written	kk-ru-oneway	true	▷removed◁
Supplemental	LanguageMatch	written	kk-ru-percent	90	▷removed◁
Supplemental	LanguageMatch	written	km_Khmr-en_Latn-oneway	true	▷removed◁
Supplemental	LanguageMatch	written	km_Khmr-en_Latn-percent	90	▷removed◁
Supplemental	LanguageMatch	written	km-en-oneway	true	▷removed◁
Supplemental	LanguageMatch	written	km-en-percent	90	▷removed◁
Supplemental	LanguageMatch	written	kn_Knda-en_Latn-oneway	true	▷removed◁
Supplemental	LanguageMatch	written	kn_Knda-en_Latn-percent	90	▷removed◁
Supplemental	LanguageMatch	written	kn-en-oneway	true	▷removed◁
Supplemental	LanguageMatch	written	kn-en-percent	90	▷removed◁
Supplemental	LanguageMatch	written	kri-en-oneway	true	▷removed◁
Supplemental	LanguageMatch	written	kri-en-percent	90	▷removed◁
Supplemental	LanguageMatch	written	ku-tr-oneway	true	▷removed◁
Supplemental	LanguageMatch	written	ku-tr-percent	90	▷removed◁
Supplemental	LanguageMatch	written	ky-ru-oneway	true	▷removed◁
Supplemental	LanguageMatch	written	ky-ru-percent	90	▷removed◁
Supplemental	LanguageMatch	written	la-it-oneway	true	▷removed◁
Supplemental	LanguageMatch	written	la-it-percent	90	▷removed◁
Supplemental	LanguageMatch	written	lb-de-oneway	true	▷removed◁
Supplemental	LanguageMatch	written	lb-de-percent	96	▷removed◁
Supplemental	LanguageMatch	written	lg-en-oneway	true	▷removed◁
Supplemental	LanguageMatch	written	lg-en-percent	90	▷removed◁
Supplemental	LanguageMatch	written	ln-fr-oneway	true	▷removed◁
Supplemental	LanguageMatch	written	ln-fr-percent	90	▷removed◁
Supplemental	LanguageMatch	written	lo_Laoo-en_Latn-oneway	true	▷removed◁
Supplemental	LanguageMatch	written	lo_Laoo-en_Latn-percent	90	▷removed◁
Supplemental	LanguageMatch	written	lo-en-oneway	true	▷removed◁
Supplemental	LanguageMatch	written	lo-en-percent	90	▷removed◁
Supplemental	LanguageMatch	written	loz-en-oneway	true	▷removed◁
Supplemental	LanguageMatch	written	loz-en-percent	90	▷removed◁
Supplemental	LanguageMatch	written	lua-fr-oneway	true	▷removed◁
Supplemental	LanguageMatch	written	lua-fr-percent	90	▷removed◁
Supplemental	LanguageMatch	written	mfe-en-oneway	true	▷removed◁
Supplemental	LanguageMatch	written	mfe-en-percent	90	▷removed◁
Supplemental	LanguageMatch	written	mg-fr-oneway	true	▷removed◁
Supplemental	LanguageMatch	written	mg-fr-percent	90	▷removed◁
Supplemental	LanguageMatch	written	mi-en-oneway	true	▷removed◁
Supplemental	LanguageMatch	written	mi-en-percent	90	▷removed◁
Supplemental	LanguageMatch	written	mk-bg-oneway	true	▷removed◁
Supplemental	LanguageMatch	written	mk-bg-percent	90	▷removed◁
Supplemental	LanguageMatch	written	ml_Mlym-en_Latn-oneway	true	▷removed◁
Supplemental	LanguageMatch	written	ml_Mlym-en_Latn-percent	90	▷removed◁
Supplemental	LanguageMatch	written	ml-en-oneway	true	▷removed◁
Supplemental	LanguageMatch	written	ml-en-percent	90	▷removed◁
Supplemental	LanguageMatch	written	mn-ru-oneway	true	▷removed◁
Supplemental	LanguageMatch	written	mn-ru-percent	90	▷removed◁
Supplemental	LanguageMatch	written	mr-hi-oneway	true	▷removed◁
Supplemental	LanguageMatch	written	mr-hi-percent	90	▷removed◁
Supplemental	LanguageMatch	written	ms-id-oneway	true	▷removed◁
Supplemental	LanguageMatch	written	ms-id-percent	90	▷removed◁
Supplemental	LanguageMatch	written	mt-en-oneway	true	▷removed◁
Supplemental	LanguageMatch	written	mt-en-percent	90	▷removed◁
Supplemental	LanguageMatch	written	my_Mymr-en_Latn-oneway	true	▷removed◁
Supplemental	LanguageMatch	written	my_Mymr-en_Latn-percent	90	▷removed◁
Supplemental	LanguageMatch	written	my-en-oneway	true	▷removed◁
Supplemental	LanguageMatch	written	my-en-percent	90	▷removed◁
Supplemental	LanguageMatch	written	ne_Deva-en_Latn-oneway	true	▷removed◁
Supplemental	LanguageMatch	written	ne_Deva-en_Latn-percent	90	▷removed◁
Supplemental	LanguageMatch	written	ne-en-oneway	true	▷removed◁
Supplemental	LanguageMatch	written	ne-en-percent	90	▷removed◁
Supplemental	LanguageMatch	written	nn-nb-percent	90	▷removed◁
Supplemental	LanguageMatch	written	nn-no-oneway	true	▷removed◁
Supplemental	LanguageMatch	written	nn-no-percent	90	▷removed◁
Supplemental	LanguageMatch	written	no-nb-percent	99	▷removed◁
Supplemental	LanguageMatch	written	nso-en-oneway	true	▷removed◁
Supplemental	LanguageMatch	written	nso-en-percent	90	▷removed◁
Supplemental	LanguageMatch	written	ny-en-oneway	true	▷removed◁
Supplemental	LanguageMatch	written	ny-en-percent	90	▷removed◁
Supplemental	LanguageMatch	written	nyn-en-oneway	true	▷removed◁
Supplemental	LanguageMatch	written	nyn-en-percent	90	▷removed◁
Supplemental	LanguageMatch	written	oc-fr-oneway	true	▷removed◁
Supplemental	LanguageMatch	written	oc-fr-percent	90	▷removed◁
Supplemental	LanguageMatch	written	om-en-oneway	true	▷removed◁
Supplemental	LanguageMatch	written	om-en-percent	90	▷removed◁
Supplemental	LanguageMatch	written	or_Orya-en_Latn-oneway	true	▷removed◁
Supplemental	LanguageMatch	written	or_Orya-en_Latn-percent	90	▷removed◁
Supplemental	LanguageMatch	written	or-en-oneway	true	▷removed◁
Supplemental	LanguageMatch	written	or-en-percent	90	▷removed◁
Supplemental	LanguageMatch	written	pa_Guru-en_Latn-oneway	true	▷removed◁
Supplemental	LanguageMatch	written	pa_Guru-en_Latn-percent	90	▷removed◁
Supplemental	LanguageMatch	written	pa-en-oneway	true	▷removed◁
Supplemental	LanguageMatch	written	pa-en-percent	90	▷removed◁
Supplemental	LanguageMatch	written	pcm-en-oneway	true	▷removed◁
Supplemental	LanguageMatch	written	pcm-en-percent	90	▷removed◁
Supplemental	LanguageMatch	written	ps_Arab-en_Latn-oneway	true	▷removed◁
Supplemental	LanguageMatch	written	ps_Arab-en_Latn-percent	90	▷removed◁
Supplemental	LanguageMatch	written	ps-en-oneway	true	▷removed◁
Supplemental	LanguageMatch	written	ps-en-percent	90	▷removed◁
Supplemental	LanguageMatch	written	pt_*_*-pt_*_*-percent	96	▷removed◁
Supplemental	LanguageMatch	written	pt_*_BR-pt_*_*-percent	92	▷removed◁
Supplemental	LanguageMatch	written	pt_*_BR-pt_*_US-percent	96	▷removed◁
Supplemental	LanguageMatch	written	pt_*_US-pt_*_*-percent	92	▷removed◁
Supplemental	LanguageMatch	written	qu-es-oneway	true	▷removed◁
Supplemental	LanguageMatch	written	qu-es-percent	90	▷removed◁
Supplemental	LanguageMatch	written	rm-de-oneway	true	▷removed◁
Supplemental	LanguageMatch	written	rm-de-percent	90	▷removed◁
Supplemental	LanguageMatch	written	rn-en-oneway	true	▷removed◁
Supplemental	LanguageMatch	written	rn-en-percent	90	▷removed◁
Supplemental	LanguageMatch	written	rw-fr-oneway	true	▷removed◁
Supplemental	LanguageMatch	written	rw-fr-percent	90	▷removed◁
Supplemental	LanguageMatch	written	sa-hi-oneway	true	▷removed◁
Supplemental	LanguageMatch	written	sa-hi-percent	90	▷removed◁
Supplemental	LanguageMatch	written	sd_Arab-en_Latn-oneway	true	▷removed◁
Supplemental	LanguageMatch	written	sd_Arab-en_Latn-percent	90	▷removed◁
Supplemental	LanguageMatch	written	sd-en-oneway	true	▷removed◁
Supplemental	LanguageMatch	written	sd-en-percent	90	▷removed◁
Supplemental	LanguageMatch	written	sh-bs-percent	96	▷removed◁
Supplemental	LanguageMatch	written	sh-hr-percent	96	▷removed◁
Supplemental	LanguageMatch	written	sh-sr-percent	96	▷removed◁
Supplemental	LanguageMatch	written	si_Sinh-en_Latn-oneway	true	▷removed◁
Supplemental	LanguageMatch	written	si_Sinh-en_Latn-percent	90	▷removed◁
Supplemental	LanguageMatch	written	si-en-oneway	true	▷removed◁
Supplemental	LanguageMatch	written	si-en-percent	90	▷removed◁
Supplemental	LanguageMatch	written	sn-en-oneway	true	▷removed◁
Supplemental	LanguageMatch	written	sn-en-percent	90	▷removed◁
Supplemental	LanguageMatch	written	so-en-oneway	true	▷removed◁
Supplemental	LanguageMatch	written	so-en-percent	90	▷removed◁
Supplemental	LanguageMatch	written	sq-en-oneway	true	▷removed◁
Supplemental	LanguageMatch	written	sq-en-percent	90	▷removed◁
Supplemental	LanguageMatch	written	sr_Latn-sr_Cyrl-percent	95	▷removed◁
Supplemental	LanguageMatch	written	ssy-aa-percent	96	▷removed◁
Supplemental	LanguageMatch	written	st-en-oneway	true	▷removed◁
Supplemental	LanguageMatch	written	st-en-percent	90	▷removed◁
Supplemental	LanguageMatch	written	su-id-oneway	true	▷removed◁
Supplemental	LanguageMatch	written	su-id-percent	90	▷removed◁
Supplemental	LanguageMatch	written	sw-en-oneway	true	▷removed◁
Supplemental	LanguageMatch	written	sw-en-percent	90	▷removed◁
Supplemental	LanguageMatch	written	ta_Taml-en_Latn-oneway	true	▷removed◁
Supplemental	LanguageMatch	written	ta_Taml-en_Latn-percent	90	▷removed◁
Supplemental	LanguageMatch	written	ta-en-oneway	true	▷removed◁
Supplemental	LanguageMatch	written	ta-en-percent	90	▷removed◁
Supplemental	LanguageMatch	written	te_Telu-en_Latn-oneway	true	▷removed◁
Supplemental	LanguageMatch	written	te_Telu-en_Latn-percent	90	▷removed◁
Supplemental	LanguageMatch	written	te-en-oneway	true	▷removed◁
Supplemental	LanguageMatch	written	te-en-percent	90	▷removed◁
Supplemental	LanguageMatch	written	tg-ru-oneway	true	▷removed◁
Supplemental	LanguageMatch	written	tg-ru-percent	90	▷removed◁
Supplemental	LanguageMatch	written	ti_Ethi-en_Latn-oneway	true	▷removed◁
Supplemental	LanguageMatch	written	ti_Ethi-en_Latn-percent	90	▷removed◁
Supplemental	LanguageMatch	written	ti-en-oneway	true	▷removed◁
Supplemental	LanguageMatch	written	ti-en-percent	90	▷removed◁
Supplemental	LanguageMatch	written	tk_Latn-ru_Cyrl-oneway	true	▷removed◁
Supplemental	LanguageMatch	written	tk_Latn-ru_Cyrl-percent	90	▷removed◁
Supplemental	LanguageMatch	written	tk-ru-oneway	true	▷removed◁
Supplemental	LanguageMatch	written	tk-ru-percent	90	▷removed◁
Supplemental	LanguageMatch	written	tlh-en-oneway	true	▷removed◁
Supplemental	LanguageMatch	written	tlh-en-percent	90	▷removed◁
Supplemental	LanguageMatch	written	tn-en-oneway	true	▷removed◁
Supplemental	LanguageMatch	written	tn-en-percent	90	▷removed◁
Supplemental	LanguageMatch	written	to-en-oneway	true	▷removed◁
Supplemental	LanguageMatch	written	to-en-percent	90	▷removed◁
Supplemental	LanguageMatch	written	tt-ru-oneway	true	▷removed◁
Supplemental	LanguageMatch	written	tt-ru-percent	90	▷removed◁
Supplemental	LanguageMatch	written	tum-en-oneway	true	▷removed◁
Supplemental	LanguageMatch	written	tum-en-percent	90	▷removed◁
Supplemental	LanguageMatch	written	ug-zh-oneway	true	▷removed◁
Supplemental	LanguageMatch	written	ug-zh-percent	90	▷removed◁
Supplemental	LanguageMatch	written	ur_Arab-en_Latn-oneway	true	▷removed◁
Supplemental	LanguageMatch	written	ur_Arab-en_Latn-percent	90	▷removed◁
Supplemental	LanguageMatch	written	ur-en-oneway	true	▷removed◁
Supplemental	LanguageMatch	written	ur-en-percent	90	▷removed◁
Supplemental	LanguageMatch	written	uz_Latn-ru_Cyrl-oneway	true	▷removed◁
Supplemental	LanguageMatch	written	uz_Latn-ru_Cyrl-percent	90	▷removed◁
Supplemental	LanguageMatch	written	uz-ru-oneway	true	▷removed◁
Supplemental	LanguageMatch	written	uz-ru-percent	90	▷removed◁
Supplemental	LanguageMatch	written	wo-fr-oneway	true	▷removed◁
Supplemental	LanguageMatch	written	wo-fr-percent	90	▷removed◁
Supplemental	LanguageMatch	written	xh-en-oneway	true	▷removed◁
Supplemental	LanguageMatch	written	xh-en-percent	90	▷removed◁
Supplemental	LanguageMatch	written	yi_Hebr-en_Latn-oneway	true	▷removed◁
Supplemental	LanguageMatch	written	yi_Hebr-en_Latn-percent	90	▷removed◁
Supplemental	LanguageMatch	written	yi-en-oneway	true	▷removed◁
Supplemental	LanguageMatch	written	yi-en-percent	90	▷removed◁
Supplemental	LanguageMatch	written	yo-en-oneway	true	▷removed◁
Supplemental	LanguageMatch	written	yo-en-percent	90	▷removed◁
Supplemental	LanguageMatch	written	zh_Hans-zh_Hant-oneway	true	▷removed◁
Supplemental	LanguageMatch	written	zh_Hans-zh_Hant-percent	85	▷removed◁
Supplemental	LanguageMatch	written	zh_Hant_HK-zh_Hant_MO-percent	97	▷removed◁
Supplemental	LanguageMatch	written	zh_Hant-zh_Hans-oneway	true	▷removed◁
Supplemental	LanguageMatch	written	zh_Hant-zh_Hans-percent	81	▷removed◁
Supplemental	LanguageMatch	written	zu-en-oneway	true	▷removed◁
Supplemental	LanguageMatch	written	zu-en-percent	90	▷removed◁
Supplemental	TerritoryInfo	AC	gdp	…	41810000
Supplemental	TerritoryInfo	AD	population	…	77000
Supplemental	TerritoryInfo	AE	population	…	9992080
Supplemental	TerritoryInfo	AF	population	…	36643800
Supplemental	TerritoryInfo	AG	population	…	98179
Supplemental	TerritoryInfo	AI	population	…	18090
Supplemental	TerritoryInfo	AL	population	…	3074580
Supplemental	TerritoryInfo	AM	population	…	3021320
Supplemental	TerritoryInfo	AO	population	…	32522300
Supplemental	TerritoryInfo	AQ	gdp	…	17580000
Supplemental	TerritoryInfo	AR	population	…	45479100
Supplemental	TerritoryInfo	AS	population	…	49437
Supplemental	TerritoryInfo	AT	population	…	8859450
Supplemental	TerritoryInfo	AU	population	…	25466500
Supplemental	TerritoryInfo	AW	population	…	119428
Supplemental	TerritoryInfo	AZ	population	…	10205800
Supplemental	TerritoryInfo	BA	population	…	3835590
Supplemental	TerritoryInfo	BB	population	…	294560
Supplemental	TerritoryInfo	BD	population	…	162651000
Supplemental	TerritoryInfo	BE	population	…	11720700
Supplemental	TerritoryInfo	BF	population	…	20835400
Supplemental	TerritoryInfo	BG	population	…	6966900
Supplemental	TerritoryInfo	BH	population	…	1505000
Supplemental	TerritoryInfo	BI	population	…	11865800
Supplemental	TerritoryInfo	BJ	population	…	12864600
Supplemental	TerritoryInfo	BL	population	…	7122
Supplemental	TerritoryInfo	BM	population	…	71750
Supplemental	TerritoryInfo	BN	population	…	464478
Supplemental	TerritoryInfo	BO	population	…	11639900
Supplemental	TerritoryInfo	BQ	gdp	…	413400000
Supplemental	TerritoryInfo	BR	population	…	211716000
Supplemental	TerritoryInfo	BS	population	…	337721
Supplemental	TerritoryInfo	BT	population	…	782318
Supplemental	TerritoryInfo	BV	gdp	…	44480
Supplemental	TerritoryInfo	BW	population	…	2317230
Supplemental	TerritoryInfo	BY	population	…	9477920
Supplemental	TerritoryInfo	BZ	population	…	399598
Supplemental	TerritoryInfo	CA	population	…	37694100
Supplemental	TerritoryInfo	CC	gdp	…	29210000
Supplemental	TerritoryInfo	CD	population	…	101780000
Supplemental	TerritoryInfo	CF	population	…	5990860
Supplemental	TerritoryInfo	CG	population	…	5293070
Supplemental	TerritoryInfo	CH	population	…	8403990
Supplemental	TerritoryInfo	CI	population	…	27481100
Supplemental	TerritoryInfo	CK	population	…	8574
Supplemental	TerritoryInfo	CL	population	…	18186800
Supplemental	TerritoryInfo	CM	population	…	27745000
Supplemental	TerritoryInfo	CN	gdp	…	25360000000000
Supplemental	TerritoryInfo	CN	population	…	1394020000
Supplemental	TerritoryInfo	CO	population	…	49084800
Supplemental	TerritoryInfo	CP	gdp	…	42090
Supplemental	TerritoryInfo	CR	population	…	5097990
Supplemental	TerritoryInfo	CU	population	…	11059100
Supplemental	TerritoryInfo	CV	population	…	583255
Supplemental	TerritoryInfo	CW	population	…	151345
Supplemental	TerritoryInfo	CX	gdp	…	108100000
Supplemental	TerritoryInfo	CY	population	…	1266680
Supplemental	TerritoryInfo	CZ	population	…	10702500
Supplemental	TerritoryInfo	DE	population	…	80159700
Supplemental	TerritoryInfo	DG	gdp	…	22240000
Supplemental	TerritoryInfo	DJ	population	…	921804
Supplemental	TerritoryInfo	DK	population	…	5869410
Supplemental	TerritoryInfo	DM	population	…	74243
Supplemental	TerritoryInfo	DO	population	…	10499700
Supplemental	TerritoryInfo	DZ	population	…	42972900
Supplemental	TerritoryInfo	EA	gdp	…	5332000000
Supplemental	TerritoryInfo	EC	population	…	16904900
Supplemental	TerritoryInfo	EE	population	…	1228620
Supplemental	TerritoryInfo	EG	population	…	104124000
Supplemental	TerritoryInfo	EH	population	…	652271
Supplemental	TerritoryInfo	ER	population	…	6081200
Supplemental	TerritoryInfo	ES	population	…	50015800
Supplemental	TerritoryInfo	ET	population	…	108113000
Supplemental	TerritoryInfo	FI	population	…	5571670
Supplemental	TerritoryInfo	FJ	population	…	935974
Supplemental	TerritoryInfo	FM	population	…	102436
Supplemental	TerritoryInfo	FO	population	…	51628
Supplemental	TerritoryInfo	FR	population	…	67848200
Supplemental	TerritoryInfo	GA	population	…	2230910
Supplemental	TerritoryInfo	GB	population	…	65761100
Supplemental	TerritoryInfo	GD	population	…	113094
Supplemental	TerritoryInfo	GE	population	…	3997000
Supplemental	TerritoryInfo	GG	population	…	67052
Supplemental	TerritoryInfo	GH	population	…	29340200
Supplemental	TerritoryInfo	GI	population	…	29581
Supplemental	TerritoryInfo	GL	population	…	57616
Supplemental	TerritoryInfo	GM	population	…	2174000
Supplemental	TerritoryInfo	GN	population	…	12527400
Supplemental	TerritoryInfo	GQ	population	…	836178
Supplemental	TerritoryInfo	GR	population	…	10607100
Supplemental	TerritoryInfo	GS	gdp	…	889600
Supplemental	TerritoryInfo	GT	population	…	17153300
Supplemental	TerritoryInfo	GU	population	…	168485
Supplemental	TerritoryInfo	GW	population	…	1927100
Supplemental	TerritoryInfo	GY	population	…	750204
Supplemental	TerritoryInfo	HK	gdp	…	480500000000
Supplemental	TerritoryInfo	HK	population	…	7249910
Supplemental	TerritoryInfo	HM	gdp	…	49010
Supplemental	TerritoryInfo	HN	population	…	9235340
Supplemental	TerritoryInfo	HR	population	…	4227750
Supplemental	TerritoryInfo	HT	population	…	11067800
Supplemental	TerritoryInfo	HU	population	…	9771830
Supplemental	TerritoryInfo	IC	gdp	…	74600000000
Supplemental	TerritoryInfo	ID	population	…	267026000
Supplemental	TerritoryInfo	IE	population	…	5176570
Supplemental	TerritoryInfo	IL	population	…	8675480
Supplemental	TerritoryInfo	IM	population	…	90499
Supplemental	TerritoryInfo	IN	population	…	1326090000
Supplemental	TerritoryInfo	IO	gdp	…	155700000
Supplemental	TerritoryInfo	IQ	population	…	38872700
Supplemental	TerritoryInfo	IR	population	…	84923300
Supplemental	TerritoryInfo	IS	population	…	350734
Supplemental	TerritoryInfo	IT	population	…	62402700
Supplemental	TerritoryInfo	JE	population	…	101073
Supplemental	TerritoryInfo	JM	population	…	2808570
Supplemental	TerritoryInfo	JO	population	…	10820600
Supplemental	TerritoryInfo	JP	population	…	125507000
Supplemental	TerritoryInfo	KE	population	…	53527900
Supplemental	TerritoryInfo	KG	population	…	5964900
Supplemental	TerritoryInfo	KH	population	…	16927000
Supplemental	TerritoryInfo	KI	population	…	111796
Supplemental	TerritoryInfo	KM	population	…	846281
Supplemental	TerritoryInfo	KN	population	…	53821
Supplemental	TerritoryInfo	KP	population	…	25643500
Supplemental	TerritoryInfo	KR	population	…	51835100
Supplemental	TerritoryInfo	KW	population	…	2993710
Supplemental	TerritoryInfo	KY	population	…	61944
Supplemental	TerritoryInfo	KZ	population	…	19091900
Supplemental	TerritoryInfo	LA	population	…	7447400
Supplemental	TerritoryInfo	LB	population	…	5469610
Supplemental	TerritoryInfo	LC	population	…	166487
Supplemental	TerritoryInfo	LI	population	…	39137
Supplemental	TerritoryInfo	LK	population	…	22889200
Supplemental	TerritoryInfo	LR	population	…	5073300
Supplemental	TerritoryInfo	LS	population	…	1969330
Supplemental	TerritoryInfo	LT	population	…	2731460
Supplemental	TerritoryInfo	LU	population	…	628381
Supplemental	TerritoryInfo	LV	population	…	1881230
Supplemental	TerritoryInfo	LY	population	…	6890540
Supplemental	TerritoryInfo	MA	population	…	35561700
Supplemental	TerritoryInfo	MC	population	…	39000
Supplemental	TerritoryInfo	MD	population	…	3364500
Supplemental	TerritoryInfo	ME	population	…	609859
Supplemental	TerritoryInfo	MF	population	…	32556
Supplemental	TerritoryInfo	MG	population	…	26955700
Supplemental	TerritoryInfo	MH	population	…	77917
Supplemental	TerritoryInfo	MK	gdp	…	31030000000
Supplemental	TerritoryInfo	MK	literacyPercent	…	97.4
Supplemental	TerritoryInfo	MK	population	…	2125970
Supplemental	TerritoryInfo	ML	population	…	19553400
Supplemental	TerritoryInfo	MM	population	…	56590100
Supplemental	TerritoryInfo	MN	gdp	…	43540000000
Supplemental	TerritoryInfo	MN	population	…	3168030
Supplemental	TerritoryInfo	MO	gdp	…	77330000000
Supplemental	TerritoryInfo	MO	population	…	614458
Supplemental	TerritoryInfo	MP	population	…	51433
Supplemental	TerritoryInfo	MR	population	…	4005480
Supplemental	TerritoryInfo	MS	population	…	5373
Supplemental	TerritoryInfo	MT	population	…	457267
Supplemental	TerritoryInfo	MU	population	…	1379370
Supplemental	TerritoryInfo	MV	population	…	391904
Supplemental	TerritoryInfo	MW	population	…	21196600
Supplemental	TerritoryInfo	MX	population	…	128650000
Supplemental	TerritoryInfo	MY	population	…	32652100
Supplemental	TerritoryInfo	MZ	population	…	30098200
Supplemental	TerritoryInfo	NA	population	…	2630070
Supplemental	TerritoryInfo	NC	population	…	290009
Supplemental	TerritoryInfo	NE	population	…	22772400
Supplemental	TerritoryInfo	NF	gdp	…	85660000
Supplemental	TerritoryInfo	NG	population	…	214028000
Supplemental	TerritoryInfo	NI	population	…	6203440
Supplemental	TerritoryInfo	NL	population	…	17280400
Supplemental	TerritoryInfo	NO	population	…	5467440
Supplemental	TerritoryInfo	NP	population	…	30327900
Supplemental	TerritoryInfo	NR	population	…	11000
Supplemental	TerritoryInfo	NU	population	…	2000
Supplemental	TerritoryInfo	NZ	population	…	4925480
Supplemental	TerritoryInfo	OM	population	…	4664840
Supplemental	TerritoryInfo	PA	population	…	3894080
Supplemental	TerritoryInfo	PE	population	…	31915000
Supplemental	TerritoryInfo	PF	population	…	295121
Supplemental	TerritoryInfo	PG	population	…	7259460
Supplemental	TerritoryInfo	PH	population	…	109181000
Supplemental	TerritoryInfo	PK	population	…	233501000
Supplemental	TerritoryInfo	PL	population	…	38282300
Supplemental	TerritoryInfo	PM	population	…	5347
Supplemental	TerritoryInfo	PN	gdp	…	2224000
Supplemental	TerritoryInfo	PN	population	…	50
Supplemental	TerritoryInfo	PR	population	…	3189070
Supplemental	TerritoryInfo	PS	population	…	4818260
Supplemental	TerritoryInfo	PT	population	…	10302700
Supplemental	TerritoryInfo	PW	population	…	21685
Supplemental	TerritoryInfo	PY	population	…	7191690
Supplemental	TerritoryInfo	QA	population	…	2444170
Supplemental	TerritoryInfo	RO	population	…	21302900
Supplemental	TerritoryInfo	RS	population	…	7012170
Supplemental	TerritoryInfo	RU	population	…	141722000
Supplemental	TerritoryInfo	RW	population	…	12712400
Supplemental	TerritoryInfo	SA	population	…	34173500
Supplemental	TerritoryInfo	SB	population	…	685097
Supplemental	TerritoryInfo	SC	population	…	95981
Supplemental	TerritoryInfo	SD	population	…	45561600
Supplemental	TerritoryInfo	SE	population	…	10202500
Supplemental	TerritoryInfo	SG	population	…	6209660
Supplemental	TerritoryInfo	SH	population	…	7862
Supplemental	TerritoryInfo	SI	population	…	2102680
Supplemental	TerritoryInfo	SJ	gdp	…	204000000
Supplemental	TerritoryInfo	SJ	population	…	2926
Supplemental	TerritoryInfo	SK	population	…	5440600
Supplemental	TerritoryInfo	SL	population	…	6624930
Supplemental	TerritoryInfo	SM	population	…	34232
Supplemental	TerritoryInfo	SN	population	…	15736400
Supplemental	TerritoryInfo	SO	population	…	11757100
Supplemental	TerritoryInfo	SR	population	…	609569
Supplemental	TerritoryInfo	SS	population	…	10561200
Supplemental	TerritoryInfo	ST	population	…	211122
Supplemental	TerritoryInfo	SV	population	…	6481100
Supplemental	TerritoryInfo	SX	population	…	43847
Supplemental	TerritoryInfo	SY	population	…	19398400
Supplemental	TerritoryInfo	SZ	population	…	1104480
Supplemental	TerritoryInfo	TA	gdp	…	12230000
Supplemental	TerritoryInfo	TC	population	…	55926
Supplemental	TerritoryInfo	TD	population	…	16877400
Supplemental	TerritoryInfo	TF	gdp	…	5893000
Supplemental	TerritoryInfo	TG	population	…	8608440
Supplemental	TerritoryInfo	TH	population	…	68977400
Supplemental	TerritoryInfo	TJ	population	…	8873670
Supplemental	TerritoryInfo	TK	population	…	1647
Supplemental	TerritoryInfo	TL	population	…	1383720
Supplemental	TerritoryInfo	TM	population	…	5528630
Supplemental	TerritoryInfo	TN	population	…	11721200
Supplemental	TerritoryInfo	TO	population	…	106095
Supplemental	TerritoryInfo	TR	population	…	82017500
Supplemental	TerritoryInfo	TT	population	…	1208790
Supplemental	TerritoryInfo	TV	population	…	11342
Supplemental	TerritoryInfo	TW	population	…	23603000
Supplemental	TerritoryInfo	TZ	population	…	58552800
Supplemental	TerritoryInfo	UA	population	…	43922900
Supplemental	TerritoryInfo	UG	population	…	43253000
Supplemental	TerritoryInfo	UM	gdp	…	18520000
Supplemental	TerritoryInfo	US	population	…	332639000
Supplemental	TerritoryInfo	UY	population	…	3387610
Supplemental	TerritoryInfo	UZ	population	…	30565400
Supplemental	TerritoryInfo	VA	gdp	…	37130000
Supplemental	TerritoryInfo	VC	population	…	101390
Supplemental	TerritoryInfo	VE	population	…	28644600
Supplemental	TerritoryInfo	VG	population	…	37381
Supplemental	TerritoryInfo	VI	population	…	106235
Supplemental	TerritoryInfo	VN	population	…	98721300
Supplemental	TerritoryInfo	VU	population	…	298333
Supplemental	TerritoryInfo	WF	population	…	15854
Supplemental	TerritoryInfo	WS	population	…	203774
Supplemental	TerritoryInfo	XK	population	…	1932770
Supplemental	TerritoryInfo	YE	population	…	29884400
Supplemental	TerritoryInfo	ZA	population	…	56463600
Supplemental	TerritoryInfo	ZM	population	…	17426600
Supplemental	TerritoryInfo	ZW	population	…	14546300
Supplemental	LanguageInfo	AD/fr	populationPercent	…	7.5
Supplemental	LanguageInfo	AF/bal	officialStatus	official_regional	▷removed◁
Supplemental	LanguageInfo	AF/bal	populationPercent	0.67	▷removed◁
Supplemental	LanguageInfo	AF/kk_Arab	populationPercent	…	0.0055
Supplemental	LanguageInfo	AF/ug	populationPercent	…	0.0082
Supplemental	LanguageInfo	AG/pt	populationPercent	…	1.6
Supplemental	LanguageInfo	AU/wbp	populationPercent	…	0.0098
Supplemental	LanguageInfo	AW/en	populationPercent	…	2.5
Supplemental	LanguageInfo	BN/en	populationPercent	…	1.7
Supplemental	LanguageInfo	BO/aro	populationPercent	…	0.0009
Supplemental	LanguageInfo	BR/kgp	populationPercent	…	0.024
Supplemental	LanguageInfo	BR/xav	populationPercent	…	0.0047
Supplemental	LanguageInfo	BW/af	populationPercent	…	0.26
Supplemental	LanguageInfo	CA/atj	populationPercent	…	0.015
Supplemental	LanguageInfo	CA/chp	populationPercent	…	0.002
Supplemental	LanguageInfo	CA/crj	populationPercent	…	0.019
Supplemental	LanguageInfo	CA/crl	populationPercent	…	0.014
Supplemental	LanguageInfo	CA/crm	populationPercent	…	0.012
Supplemental	LanguageInfo	CA/csw	populationPercent	…	0.013
Supplemental	LanguageInfo	CA/den	populationPercent	…	0.0061
Supplemental	LanguageInfo	CA/dgr	populationPercent	…	0.007
Supplemental	LanguageInfo	CA/gwi	populationPercent	…	0.0015
Supplemental	LanguageInfo	CA/moh	populationPercent	…	0.0093
Supplemental	LanguageInfo	CA/nsk	populationPercent	…	0.0031
Supplemental	LanguageInfo	CA/scs	populationPercent	…	0.0033
Supplemental	LanguageInfo	CK/en	populationPercent	…	100
Supplemental	LanguageInfo	CM/nmg	populationPercent	…	0.032
Supplemental	LanguageInfo	CM/yav	populationPercent	…	0.0083
Supplemental	LanguageInfo	CY/ar	populationPercent	…	0.1
Supplemental	LanguageInfo	DO/en	populationPercent	…	0.076
Supplemental	LanguageInfo	FM/kos	populationPercent	…	7.8
Supplemental	LanguageInfo	GB/kw	populationPercent	…	0.003
Supplemental	LanguageInfo	GE/os	populationPercent	…	4.09
Supplemental	LanguageInfo	GR/sq	populationPercent	…	0.094
Supplemental	LanguageInfo	IL/ml	populationPercent	…	0.092
Supplemental	LanguageInfo	IN/dv	populationPercent	…	0.0003
Supplemental	LanguageInfo	IN/hi_Latn	populationPercent	▷missing◁	0.1
Supplemental	LanguageInfo	IR/gbz	populationPercent	…	0.0094
Supplemental	LanguageInfo	IR/kk_Arab	populationPercent	…	0.0035
Supplemental	LanguageInfo	IS/da	populationPercent	…	0.64
Supplemental	LanguageInfo	KE/gu	populationPercent	…	0.0093
Supplemental	LanguageInfo	KE/pa	populationPercent	…	0.019
Supplemental	LanguageInfo	LI/wae	populationPercent	…	3.3
Supplemental	LanguageInfo	MM/kht	populationPercent	…	0.0075
Supplemental	LanguageInfo	MR/wo	populationPercent	…	0.25
Supplemental	LanguageInfo	MS/en	populationPercent	…	65
Supplemental	LanguageInfo	MY/bjn	populationPercent	…	0.015
Supplemental	LanguageInfo	MY/zh	populationPercent	▷missing◁	17
Supplemental	LanguageInfo	MY/zh_Hant	populationPercent	17	▷removed◁
Supplemental	LanguageInfo	MZ/sw	populationPercent	…	0.031
Supplemental	LanguageInfo	MZ/zu	populationPercent	…	0.006
Supplemental	LanguageInfo	NE/twq	populationPercent	…	0.035
Supplemental	LanguageInfo	NP/lep	populationPercent	…	0.0093
Supplemental	LanguageInfo	NR/en	populationPercent	…	85
Supplemental	LanguageInfo	NR/na	populationPercent	…	63
Supplemental	LanguageInfo	NU/en	populationPercent	…	56
Supplemental	LanguageInfo	NU/niu	populationPercent	…	56
Supplemental	LanguageInfo	PA/zh_Hant	populationPercent	…	0.15
Supplemental	LanguageInfo	PH/bhk	populationPercent	2.3	▷removed◁
Supplemental	LanguageInfo	PH/bku	populationPercent	…	0.0073
Supplemental	LanguageInfo	PH/fbl	populationPercent	▷missing◁	2.3
Supplemental	LanguageInfo	PH/tbw	populationPercent	…	0.0092
Supplemental	LanguageInfo	PK/trw	populationPercent	▷missing◁	0.053
Supplemental	LanguageInfo	PM/en	populationPercent	…	3.5
Supplemental	LanguageInfo	PM/fr	populationPercent	…	96
Supplemental	LanguageInfo	PN/en	populationPercent	…	92
Supplemental	LanguageInfo	QA/ml	populationPercent	…	0.27
Supplemental	LanguageInfo	RO/bg	populationPercent	…	0.032
Supplemental	LanguageInfo	RW/fr	populationPercent	…	0.018
Supplemental	LanguageInfo	SB/rug	populationPercent	…	1.4
Supplemental	LanguageInfo	SE/rmu	populationPercent	…	0.093
Supplemental	LanguageInfo	SE/sma	populationPercent	…	0.0029
Supplemental	LanguageInfo	SE/yi	populationPercent	…	0.029
Supplemental	LanguageInfo	SG/ml	populationPercent	…	0.16
Supplemental	LanguageInfo	SG/pa	populationPercent	…	0.15
Supplemental	LanguageInfo	SJ/nb	populationPercent	…	51
Supplemental	LanguageInfo	SJ/ru	populationPercent	…	41
Supplemental	LanguageInfo	SM/eo	populationPercent	…	0.88
Supplemental	LanguageInfo	SN/mey	populationPercent	…	0.046
Supplemental	LanguageInfo	SN/tnr	populationPercent	…	0.021
Supplemental	LanguageInfo	SR/zh_Hant	populationPercent	…	1.1
Supplemental	LanguageInfo	SX/nl	populationPercent	…	3.6
Supplemental	LanguageInfo	SX/vic	populationPercent	…	7.1
Supplemental	LanguageInfo	TJ/ar	populationPercent	…	0.011
Supplemental	LanguageInfo	TK/en	populationPercent	…	78
Supplemental	LanguageInfo	TK/tkl	populationPercent	…	78
Supplemental	LanguageInfo	TV/en	populationPercent	…	9.4
Supplemental	LanguageInfo	TV/tvl	populationPercent	…	87
Supplemental	LanguageInfo	UG/hi	populationPercent	…	0.0051
Supplemental	LanguageInfo	WF/fud	populationPercent	…	30
Supplemental	LanguageInfo	WS/en	populationPercent	…	2.1
Supplemental	Gender	List	maleTaints	…	… lij …
Supplemental	Grammar	Case	nominal-pl	…	…
Supplemental	Grammar	Case	nominal-ru	…	…
Supplemental	Grammar	Case	nominal-pl-units	▷missing◁	accusative
Supplemental	Grammar	Case	nominal-pl-units	▷missing◁	dative
Supplemental	Grammar	Case	nominal-pl-units	▷missing◁	genitive
Supplemental	Grammar	Case	nominal-pl-units	▷missing◁	instrumental
Supplemental	Grammar	Case	nominal-pl-units	▷missing◁	locative
Supplemental	Grammar	Case	nominal-pl-units	▷missing◁	nominative
Supplemental	Grammar	Case	nominal-pl-units	▷missing◁	vocative
Supplemental	Grammar	Case	nominal-ru-units	▷missing◁	accusative
Supplemental	Grammar	Case	nominal-ru-units	▷missing◁	dative
Supplemental	Grammar	Case	nominal-ru-units	▷missing◁	genitive
Supplemental	Grammar	Case	nominal-ru-units	▷missing◁	instrumental
Supplemental	Grammar	Case	nominal-ru-units	▷missing◁	locative
Supplemental	Grammar	Case	nominal-ru-units	▷missing◁	nominative
Supplemental	Grammar	Case	nominal-ru-units	▷missing◁	vocative
Supplemental	Grammar	Gender	nominal-nb-units	▷missing◁	masculine
Supplemental	Grammar	Gender	nominal-nb-units	▷missing◁	neuter
Supplemental	Grammar	Gender	nominal-pl-units	▷missing◁	feminine
Supplemental	Grammar	Gender	nominal-pl-units	▷missing◁	inanimate
Supplemental	Grammar	Gender	nominal-pl-units	▷missing◁	neuter
Supplemental	Grammar	Gender	nominal-ru-units	▷missing◁	feminine
Supplemental	Grammar	Gender	nominal-ru-units	▷missing◁	masculine
Supplemental	Grammar	Gender	nominal-lij	▷missing◁	feminine
Supplemental	Grammar	Gender	nominal-lij	▷missing◁	masculine
Supplemental	Grammar	deriveCompound	de-gender-per	▷missing◁	0
Supplemental	Grammar	deriveCompound	de-gender-power	▷missing◁	0
Supplemental	Grammar	deriveCompound	de-gender-prefix	▷missing◁	0
Supplemental	Grammar	deriveCompound	de-gender-times	▷missing◁	1
Supplemental	Grammar	deriveCompound	fr-gender-per	▷missing◁	0
Supplemental	Grammar	deriveCompound	fr-gender-power	▷missing◁	0
Supplemental	Grammar	deriveCompound	fr-gender-prefix	▷missing◁	0
Supplemental	Grammar	deriveCompound	fr-gender-times	▷missing◁	0
Supplemental	Grammar	deriveCompound	root-gender-per	▷missing◁	0
Supplemental	Grammar	deriveCompound	root-gender-power	▷missing◁	0
Supplemental	Grammar	deriveCompound	root-gender-prefix	▷missing◁	0
Supplemental	Grammar	deriveCompound	root-gender-times	▷missing◁	1
Supplemental	Grammar	deriveComponent	de-case-per-arg0	▷missing◁	compound
Supplemental	Grammar	deriveComponent	de-case-power-arg0	▷missing◁	nominative
Supplemental	Grammar	deriveComponent	de-case-prefix-arg0	▷missing◁	nominative
Supplemental	Grammar	deriveComponent	de-case-times-arg0	▷missing◁	nominative
Supplemental	Grammar	deriveComponent	de-plural-per-arg0	▷missing◁	compound
Supplemental	Grammar	deriveComponent	de-plural-power-arg0	▷missing◁	one
Supplemental	Grammar	deriveComponent	de-plural-prefix-arg0	▷missing◁	one
Supplemental	Grammar	deriveComponent	de-plural-times-arg0	▷missing◁	one
Supplemental	Grammar	deriveComponent	fr-plural-per-arg0	▷missing◁	compound
Supplemental	Grammar	deriveComponent	fr-plural-power-arg0	▷missing◁	compound
Supplemental	Grammar	deriveComponent	fr-plural-prefix-arg0	▷missing◁	one
Supplemental	Grammar	deriveComponent	fr-plural-times-arg0	▷missing◁	compound
Supplemental	Grammar	deriveComponent	root-case-per-arg0	▷missing◁	compound
Supplemental	Grammar	deriveComponent	root-case-power-arg0	▷missing◁	nominative
Supplemental	Grammar	deriveComponent	root-case-prefix-arg0	▷missing◁	nominative
Supplemental	Grammar	deriveComponent	root-case-times-arg0	▷missing◁	nominative
Supplemental	Grammar	deriveComponent	root-plural-per-arg0	▷missing◁	compound
Supplemental	Grammar	deriveComponent	root-plural-power-arg0	▷missing◁	one
Supplemental	Grammar	deriveComponent	root-plural-prefix-arg0	▷missing◁	one
Supplemental	Grammar	deriveComponent	root-plural-times-arg0	▷missing◁	one
Supplemental	Grammar	deriveComponent	de-case-per-arg1	▷missing◁	accusative
Supplemental	Grammar	deriveComponent	de-case-power-arg1	▷missing◁	compound
Supplemental	Grammar	deriveComponent	de-case-prefix-arg1	▷missing◁	compound
Supplemental	Grammar	deriveComponent	de-case-times-arg1	▷missing◁	compound
Supplemental	Grammar	deriveComponent	de-plural-per-arg1	▷missing◁	one
Supplemental	Grammar	deriveComponent	de-plural-power-arg1	▷missing◁	compound
Supplemental	Grammar	deriveComponent	de-plural-prefix-arg1	▷missing◁	compound
Supplemental	Grammar	deriveComponent	de-plural-times-arg1	▷missing◁	compound
Supplemental	Grammar	deriveComponent	fr-plural-per-arg1	▷missing◁	one
Supplemental	Grammar	deriveComponent	fr-plural-power-arg1	▷missing◁	compound
Supplemental	Grammar	deriveComponent	fr-plural-prefix-arg1	▷missing◁	compound
Supplemental	Grammar	deriveComponent	fr-plural-times-arg1	▷missing◁	compound
Supplemental	Grammar	deriveComponent	root-case-per-arg1	▷missing◁	nominative
Supplemental	Grammar	deriveComponent	root-case-power-arg1	▷missing◁	compound
Supplemental	Grammar	deriveComponent	root-case-prefix-arg1	▷missing◁	compound
Supplemental	Grammar	deriveComponent	root-case-times-arg1	▷missing◁	compound
Supplemental	Grammar	deriveComponent	root-plural-per-arg1	▷missing◁	one
Supplemental	Grammar	deriveComponent	root-plural-power-arg1	▷missing◁	compound
Supplemental	Grammar	deriveComponent	root-plural-prefix-arg1	▷missing◁	compound
Supplemental	Grammar	deriveComponent	root-plural-times-arg1	▷missing◁	compound
Supplemental	Metazone	America/Dawson	1973-10-28 09:00-2020-11-01 07:00	▷missing◁	America_Pacific
Supplemental	Metazone	America/Dawson	1973-10-28 09:00..∞	America_Pacific	▷removed◁
Supplemental	Metazone	America/Dawson	2020-11-01 07:00..∞	▷missing◁	America_Mountain
Supplemental	Metazone	America/Whitehorse	2020-11-01 07:00..∞	▷missing◁	America_Mountain
Supplemental	Metazone	America/Whitehorse	-∞..2020-11-01 07:00	▷missing◁	America_Pacific
Supplemental	Metazone	America/Whitehorse	-∞..∞	America_Pacific	▷removed◁
Supplemental	Metazone	Antarctica/Casey	2018-03-10 17:00-2018-10-06 20:00	▷missing◁	Australia_Western
Supplemental	Metazone	Antarctica/Casey	2018-10-06 20:00-2019-03-16 16:00	▷missing◁	Casey
Supplemental	Metazone	Antarctica/Casey	2019-03-16 16:00-2019-10-03 19:00	▷missing◁	Australia_Western
Supplemental	Metazone	Antarctica/Casey	2019-10-03 19:00-2020-03-07 16:00	▷missing◁	Casey
Supplemental	Metazone	Antarctica/Casey	2020-03-07 16:00-2020-10-03 16:01	▷missing◁	Australia_Western
Supplemental	Metazone	Antarctica/Casey	2018-03-10 17:00..∞	Australia_Western	▷removed◁
Supplemental	Metazone	Antarctica/Casey	2020-10-03 16:01..∞	▷missing◁	Casey
Supplemental	Metazone	Antarctica/Macquarie	2010-04-03 16:00..∞	Macquarie	▷removed◁
Supplemental	Metazone	Antarctica/Macquarie	-∞..2010-04-03 16:00	Australia_Eastern	▷removed◁
Supplemental	Metazone	Antarctica/Macquarie	-∞..∞	▷missing◁	Australia_Eastern
Supplemental	Plural	cardinal-br	many	…	n != 0 and n % 1000000 = 0 @integer 1000000, … @decimal 1000000.0, 1000000.00, 1000000.000, 1000000.0000, …
Supplemental	Plural	cardinal-doi	one	▷missing◁	i = 0 or n = 1 @integer 0, 1 @decimal 0.0~1.0, 0.00~0.04
Supplemental	Plural	cardinal-doi	other	▷missing◁	@integer 2~17, 100, 1000, 10000, 100000, 1000000, … @decimal 1.1~2.6, 10.0, 100.0, 1000.0, 10000.0, 100000.0, 1000000.0, …
Supplemental	Plural	cardinal-fr	many	▷missing◁	e = 0 and i != 0 and i % 1000000 = 0 and v = 0 or e != 0..5 @integer 1000000, 1e6, 2e6, 3e6, 4e6, 5e6, 6e6, … @decimal 1.0000001e6, 1.1e6, 2.0000001e6, 2.1e6, 3.0000001e6, 3.1e6, …
Supplemental	Plural	cardinal-fr	other	…	@integer 2~17, 100, 1000, 10000, 100000, 1e3, 2e3, 3e3, 4e3, 5e3, 6e3, … @decimal 2.0~3.5, 10.0, 100.0, 1000.0, 10000.0, 100000.0, 1000000.0, 1.0001e3, 1.1e3, 2.0001e3, 2.1e3, 3.0001e3, 3.1e3, …
Supplemental	Plural	cardinal-lij	one	▷missing◁	i = 1 and v = 0 @integer 1
Supplemental	Plural	cardinal-lij	other	▷missing◁	@integer 0, 2~16, 100, 1000, 10000, 100000, 1000000, … @decimal 0.0~1.5, 10.0, 100.0, 1000.0, 10000.0, 100000.0, 1000000.0, …
Supplemental	Plural	ordinal-lij	many	▷missing◁	n = 11,8,80..89,800..899 @integer 8, 11, 80~89, 800~803
Supplemental	Plural	ordinal-lij	other	▷missing◁	@integer 0~7, 9, 10, 12~17, 100, 1000, 10000, 100000, 1000000, …
Supplemental	PluralRange	lij	one–other	▷missing◁	other
Supplemental	PluralRange	lij	other–one	▷missing◁	one
Supplemental	PluralRange	lij	other–other	▷missing◁	other
Supplemental	Measurement	default	UK	…	… MM
Supplemental	Measurement	default	US	…	…
Supplemental	Language	ars	territories-secondary	▷missing◁	SA
Supplemental	Language	bal	territories-secondary	…	…
Supplemental	Language	bhk	territories-secondary	PH	▷removed◁
Supplemental	Language	de	territories-secondary	…	… FI …
Supplemental	Language	doi	scripts	…	Deva
Supplemental	Language	doi	scripts-secondary	…	Arab …
Supplemental	Language	fbl	territories-secondary	▷missing◁	PH
Supplemental	Language	gur	territories-secondary	▷missing◁	GH
Supplemental	Language	hi	territories-secondary	…	… IN …
Supplemental	Language	loz	territories-secondary	▷missing◁	ZM
Supplemental	Language	new	territories-secondary	▷missing◁	NP
Supplemental	Language	rng	territories-secondary	▷missing◁	MZ
Supplemental	Language	tly	territories-secondary	▷missing◁	AZ
Supplemental	Language	trw	scripts	▷missing◁	Arab
Supplemental	DayPeriod	lij	afternoon1-before	▷missing◁	18:00
Supplemental	DayPeriod	lij	afternoon1-from	▷missing◁	12:00
Supplemental	DayPeriod	lij	evening1-before	▷missing◁	22:00
Supplemental	DayPeriod	lij	evening1-from	▷missing◁	18:00
Supplemental	DayPeriod	lij	midnight-at	▷missing◁	00:00
Supplemental	DayPeriod	lij	morning1-before	▷missing◁	12:00
Supplemental	DayPeriod	lij	morning1-from	▷missing◁	06:00
Supplemental	DayPeriod	lij	night1-before	▷missing◁	06:00
Supplemental	DayPeriod	lij	night1-from	▷missing◁	22:00
Supplemental	DayPeriod	lij	noon-at	▷missing◁	12:00
Supplemental	DayPeriod	selection-lij	afternoon1-before	▷missing◁	18:00
Supplemental	DayPeriod	selection-lij	afternoon1-from	▷missing◁	12:00
Supplemental	DayPeriod	selection-lij	evening1-before	▷missing◁	22:00
Supplemental	DayPeriod	selection-lij	evening1-from	▷missing◁	18:00
Supplemental	DayPeriod	selection-lij	morning1-before	▷missing◁	12:00
Supplemental	DayPeriod	selection-lij	morning1-from	▷missing◁	06:00
Supplemental	DayPeriod	selection-lij	night1-before	▷missing◁	06:00
Supplemental	DayPeriod	selection-lij	night1-from	▷missing◁	22:00
